year,mileage,tax,mpg,engineSize,price
2017,17307,145,58.9,1.2,7999
2016,25233,235,43.5,2.0,14499
2016,37877,30,61.7,1.7,11399
2016,23789,20,60.1,1.0,6499
2015,33177,160,51.4,2.0,10199
2015,41650,20,60.1,1.0,6149
2015,39547,30,55.4,1.2,6799
2016,30300,125,57.6,1.7,14199
2018,38082,145,51.4,1.4,10399
2016,21014,30,61.7,1.7,12163
2017,22888,150,61.7,1.7,13200
2017,20000,150,56.5,1.0,10000
2015,26413,30,55.4,1.2,6900
2019,10000,150,34.9,1.6,17750
2017,18626,125,57.6,1.7,14600
2015,31979,30,65.7,1.7,8700
2017,26685,30,61.7,1.7,13000
2018,35000,145,60.1,1.0,7100
2016,6000,20,57.6,1.2,7500
2017,17059,30,61.7,1.7,12000
2017,49174,145,44.8,1.6,11695
2015,6413,30,55.4,1.2,7995
2015,34177,30,61.7,1.7,10700
2016,7447,30,57.6,1.2,8100
2013,34500,145,53.3,1.7,8200
2016,16751,30,57.6,1.2,6600
2018,16265,150,44.8,1.6,13900
2018,19087,145,44.8,1.6,13700
2017,38206,145,78.4,1.6,8300
2016,20025,125,57.6,1.7,15800
2018,32227,135,78.5,1.6,15000
2015,28904,200,46.3,0.0,15200
2014,8646,160,45.6,0.0,7700
2017,17663,20,72.4,0.0,10500
2017,12661,145,44.1,0.0,11400
2018,7359,145,52.3,1.0,12995
2019,4353,145,35.3,1.6,18000
2018,7126,145,60.1,0.0,9000
2014,36324,160,43.5,1.6,8300
2018,12948,145,60.1,0.0,8500
2019,2481,145,41.5,0.0,14500
2016,27311,30,61.7,0.0,13800
2016,34443,0,78.4,0.0,9000
2017,16961,30,61.7,0.0,13800
2017,5067,145,44.8,1.6,14100
2013,45230,20,61.4,0.0,5000
2018,6349,145,57.6,0.0,10300
2015,13268,30,65.7,0.0,11500
2016,29610,0,78.4,0.0,9000
2015,23041,165,51.4,0.0,11400
2017,21821,145,61.4,0.0,10000
2018,17397,150,60.1,0.0,7800
2016,31854,20,60.1,0.0,6300
2016,37993,30,61.7,0.0,11300
2018,30305,145,31.7,0.0,15500
2018,3920,150,46.3,0.0,11700
2017,21875,145,38.7,1.6,16800
2016,27465,20,60.1,1.0,6500
2019,4920,145,60.1,1.0,8600
2016,18577,145,48.7,1.4,9400
2013,42320,145,45.6,1.4,6000
2017,23310,30,61.7,0.0,15000
2019,22397,150,34.9,0.0,15000
2019,10066,150,34.9,0.0,16300
2018,13148,150,60.1,0.0,8300
2019,7691,150,31.7,0.0,18500
2016,21898,30,61.7,1.7,12300
2016,24740,20,60.1,1.0,6500
2014,20127,20,60.1,1.0,5500
2018,34103,145,33.6,2.5,15299
2016,21152,30,64.2,1.6,9000
2017,15618,145,60.1,1.0,7600
2017,15594,20,60.1,0.0,7300
2015,28123,30,56.5,0.0,7500
2019,1963,135,78.5,1.6,19800
2015,13637,30,57.6,0.0,7500
2017,7457,125,57.6,0.0,15700
2017,16708,145,58.9,0.0,8500
2017,2236,160,44.8,1.6,12000
2018,21859,145,56.5,1.0,9299
2016,31480,30,61.7,1.7,11599
2017,31696,145,57.7,1.2,7000
2017,16636,145,60.1,0.0,8000
2017,19398,30,58.9,0.0,8600
2016,18257,0,78.4,1.6,8900
2014,35541,145,53.3,1.7,9800
2015,22211,20,60.1,1.0,6800
2018,35097,145,51.4,1.4,11531
2016,27712,125,56.5,1.7,11400
2016,27696,125,50.4,1.4,7194
2015,12731,30,57.6,1.2,6500
2018,20443,145,44.8,1.6,12556
2014,40248,20,60.1,1.0,5644
2017,21321,145,57.7,1.2,7799
2011,72436,200,47.9,2.0,6936
2018,8418,145,47.9,1.2,9499
2012,119050,150,48.7,1.7,5000
2018,15804,145,57.7,1.0,9000
2017,44749,145,33.6,2.5,13499
2016,23176,30,57.6,1.2,6000
2018,28889,145,47.9,1.2,8495
2019,3300,145,46.3,1.2,11995
2018,31738,145,60.1,1.0,6350
2019,5409,150,46.3,1.2,11795
2016,25071,30,61.7,1.7,13300
2018,17427,150,44.8,1.6,13950
2019,8000,150,34.9,1.6,15600
2016,26804,30,61.7,1.7,12795
2014,31090,30,57.6,0.0,6600
2012,60200,165,43.5,1.6,6300
2014,37006,265,41.5,2.2,15500
2019,12254,150,34.9,1.6,15400
2016,17350,145,48.7,1.4,8900
2017,27299,145,57.6,1.7,14100
2017,21119,30,61.7,1.7,13100
2017,36750,30,61.7,1.7,12600
2016,37350,125,58.9,2.0,12950
2018,29413,150,44.8,1.6,13300
2017,33808,30,61.7,1.7,12700
2015,26564,200,41.5,0.0,9700
2014,54304,145,53.3,0.0,8700
2016,41496,30,56.5,0.0,7500
2014,38601,125,50.4,0.0,6500
2017,31232,145,57.7,0.0,7000
2019,7061,145,46.3,1.2,12000
2015,29980,0,78.4,1.6,8250
2017,44120,150,62.8,1.0,7999
2011,48528,300,39.2,2.0,7799
2016,20645,205,47.1,2.0,14999
2017,20599,150,42.8,2.2,18999
2012,56582,20,61.4,1.2,3799
2015,43022,0,78.4,1.6,7803
2016,37688,30,61.7,1.7,12995
2016,12163,200,46.3,2.0,16498
2015,16412,145,48.7,1.4,8998
2019,6874,145,44.1,1.0,14298
2013,50998,145,48.7,1.7,7298
2016,41883,30,57.6,1.2,5998
2018,5404,145,74.3,1.6,11998
2018,36815,145,28.0,2.5,15998
2014,13840,20,60.1,1.0,5498
2016,56693,0,78.4,1.6,7498
2015,57819,125,50.4,1.4,6498
2019,5630,145,44.1,1.0,15498
2017,19685,145,58.9,1.2,8498
2017,17539,30,61.7,1.7,13698
2017,39968,145,57.7,1.2,6998
2017,21679,30,61.7,1.7,13998
2017,9146,150,61.7,1.7,14498
2019,1477,145,31.7,2.5,19998
2018,12834,145,52.3,1.0,12498
2017,59626,150,67.3,1.7,8998
2016,28355,125,50.4,1.4,8298
2018,23400,145,52.3,1.0,15995
2015,46000,145,53.3,1.7,9495
2018,24070,145,57.7,1.0,8998
2019,3010,145,41.5,1.4,14998
2019,3303,145,41.5,1.4,14998
2019,1391,135,52.3,1.6,21998
2017,16900,145,55.4,1.2,8998
2016,29347,30,65.7,1.7,10998
2016,17206,30,58.9,1.0,9498
2015,8116,20,60.1,1.0,5998
2015,20077,125,50.4,1.4,7998
2017,28502,145,55.4,1.2,7998
2015,23656,30,55.4,1.2,7398
2015,43795,125,51.4,1.4,6698
2017,9392,30,58.9,1.2,8598
2019,1437,145,34.0,2.0,23498
2019,2383,145,44.1,1.0,14998
2019,4133,145,39.2,2.2,34998
2019,4956,145,39.2,2.2,34998
2019,3454,145,35.3,1.6,15998
2019,3001,145,41.5,1.4,14998
2019,14877,150,34.9,1.6,15498
2019,3649,150,36.2,1.6,18998
2017,12811,150,61.7,1.7,14498
2017,19066,150,57.6,1.7,15298
2017,11231,150,57.6,1.7,15998
2017,23692,20,60.1,1.0,6498
2017,48034,205,47.1,2.2,15998
2016,41953,30,61.7,1.7,12498
2014,42386,30,64.2,1.6,5998
2018,12875,145,38.7,1.6,16500
2015,38514,265,42.2,2.2,16998
2016,20258,160,44.8,1.6,10998
2017,12150,145,57.6,1.7,15998
2016,14884,235,43.5,2.0,18698
2017,35213,145,61.7,1.7,11498
2018,7482,145,44.8,1.6,14998
2019,12077,145,34.9,1.6,15498
2017,5863,160,44.8,1.6,13498
2018,20796,145,45.6,1.4,9985
2017,8788,145,60.1,1.0,7498
2019,17841,150,34.9,1.6,15998
2015,21701,150,48.7,1.4,8798
2019,15751,150,34.9,1.6,15498
2016,17499,30,55.4,1.2,8298
2019,6717,150,44.1,1.0,14998
2019,5530,140,62.8,1.6,20998
2019,4672,140,52.3,1.6,20998
2017,17609,145,72.4,1.6,10485
2018,13436,145,47.1,2.2,21985
2020,100,145,51.4,1.2,14485
2020,100,145,46.3,1.2,14485
2016,53963,30,61.7,1.7,11485
2016,51552,30,56.5,1.2,7489
2017,38452,150,42.8,2.2,19429
2017,20200,145,60.1,1.0,6995
2019,5223,150,57.6,1.2,9985
2019,2844,140,1.1,1.6,22998
2016,35251,30,61.7,1.7,13298
2019,7761,145,31.7,2.5,19998
2015,34572,30,65.7,1.7,9298
2017,42858,205,47.9,2.0,14985
2018,15563,150,61.7,1.7,13985
2017,17393,145,65.7,1.7,11485
2017,19273,145,74.3,1.6,10785
2017,15359,145,72.4,1.6,10485
2019,10758,145,46.3,1.2,9485
2019,13484,145,46.3,1.2,10485
2017,18266,145,72.4,1.6,8985
2016,23865,125,57.6,1.7,14798
2017,31739,145,61.7,1.7,13698
2017,17754,125,57.6,1.7,14498
2014,23928,20,60.1,1.0,5498
2016,40297,30,61.7,1.7,11498
2015,59238,145,54.3,1.7,8250
2017,25203,30,57.7,1.2,7495
2017,35154,325,33.6,2.5,15985
2015,59817,145,54.3,1.7,7885
2015,54783,150,53.3,1.7,7995
2019,11166,145,46.3,1.2,10485
2016,40191,30,61.7,1.7,10998
2017,12588,145,55.4,1.2,8498
2015,54963,200,46.3,2.2,13998
2016,35224,30,61.7,1.7,11998
2017,19229,145,62.8,1.0,8995
2013,72854,260,41.5,2.2,12245
2016,22404,235,42.2,2.2,18295
2018,7910,145,52.3,1.0,12998
2014,71289,145,53.3,1.7,7298
2013,45461,30,57.6,1.2,3998
2016,40457,30,61.7,1.7,11998
2019,23773,145,34.9,1.6,15498
2019,5034,145,44.1,1.0,14298
2016,35030,145,54.3,2.0,15798
2017,19400,30,61.7,1.7,14498
2016,28560,160,42.2,1.4,8998
2016,35153,30,61.7,1.7,12298
2017,18047,30,55.4,1.2,8298
2017,35003,30,61.7,1.7,13498
2019,11757,145,34.9,1.6,15498
2016,38259,30,65.7,1.7,9698
2017,40262,145,61.7,1.7,12998
2018,19348,135,78.5,1.6,17298
2017,12239,30,61.7,1.7,12398
2016,30551,125,57.6,1.7,13998
2015,40237,0,78.4,1.6,6498
2019,11915,150,34.9,1.6,15498
2017,37254,20,60.1,1.0,6498
2016,13254,145,54.3,2.0,14698
2016,20760,125,50.4,1.4,7998
2017,7015,145,57.6,1.7,15698
2018,14183,145,44.8,1.6,12698
2015,69085,30,61.7,1.7,10298
2014,51515,30,62.8,1.7,7498
2016,15959,30,61.7,1.7,12498
2019,10757,145,44.1,1.0,14298
2019,9829,145,44.1,1.0,14298
2018,37324,145,28.0,2.5,15998
2018,14655,145,56.5,1.0,11298
2018,20596,145,57.7,1.0,8998
2018,12486,145,74.3,1.6,11998
2014,43444,30,57.6,1.2,4998
2017,37587,145,54.3,2.0,14498
2017,23643,145,61.7,1.7,13998
2017,13094,125,57.6,1.7,14998
2018,4411,145,34.9,1.6,15500
2019,10,145,44.1,1.0,15498
2013,80465,145,53.3,1.7,6998
2019,17948,145,34.9,1.6,15498
2019,10,145,44.1,1.0,15498
2019,3292,145,41.5,1.4,14998
2016,29051,30,61.7,1.7,11698
2013,59039,0,74.3,1.6,5998
2016,20851,20,60.1,1.0,5998
2015,35921,30,55.4,1.2,7298
2017,43717,20,72.4,1.6,9698
2018,14927,145,56.5,1.0,10998
2016,40134,30,65.7,1.7,9698
2019,10,145,44.1,1.0,15498
2018,12884,145,44.1,1.0,13498
2018,9616,145,44.1,1.0,13698
2017,19419,145,60.1,1.0,6698
2019,879,145,44.1,1.0,15298
2017,9604,145,50.4,1.4,9998
2014,17904,20,60.1,1.0,5500
2016,24400,160,44.8,1.6,11400
2017,22861,145,50.4,1.4,8998
2015,25770,200,46.3,2.2,14498
2017,14814,150,55.4,1.2,7798
2019,4396,145,44.1,1.0,13998
2017,26222,145,60.1,1.0,6498
2015,27256,30,61.7,1.7,11998
2016,20251,125,50.4,1.4,8498
2016,18562,125,50.4,1.4,7998
2017,19372,150,61.7,1.7,13998
2017,23455,20,60.1,1.0,6498
2019,6491,145,47.9,1.6,23998
2018,11458,145,52.3,1.0,12998
2017,35934,145,58.9,1.2,7998
2018,34889,145,28.0,2.5,15498
2018,37485,145,28.0,2.5,15498
2016,32025,0,78.4,1.6,8998
2018,23513,145,34.9,1.6,14498
2017,33461,30,61.7,1.7,12998
2018,11462,145,57.7,1.0,9498
2018,16259,145,57.7,1.0,9298
2019,3241,145,41.5,1.4,14998
2019,2573,145,31.7,2.5,20998
2019,17972,145,28.0,2.5,17998
2018,14429,145,34.9,1.6,15298
2017,37864,145,60.1,1.0,6498
2019,1023,145,46.3,1.2,12498
2017,21070,145,60.1,1.0,6498
2018,23001,145,52.3,1.0,12498
2018,9133,145,52.3,1.0,12998
2019,16280,135,78.5,1.6,15998
2019,4004,135,78.5,1.6,16498
2018,11893,145,44.1,1.0,13998
2019,2804,145,28.0,2.5,21498
2018,14441,145,44.1,1.0,13698
2016,13643,20,62.8,1.0,8298
2017,1862,150,55.4,1.2,9490
2016,19312,30,61.7,1.7,11495
2019,14121,145,58.9,1.6,12998
2018,11150,145,56.5,1.0,11298
2018,8337,145,74.3,1.6,11998
2016,25044,125,58.9,2.0,14995
2016,44905,200,47.1,2.2,16498
2018,7874,145,48.7,1.6,17998
2018,24152,145,60.1,1.0,6998
2013,59701,265,41.5,2.2,11498
2015,23001,30,55.4,1.2,7798
2019,11751,145,34.9,1.6,15998
2016,16407,125,50.4,1.4,8298
2016,36512,30,61.7,1.7,11998
2017,21962,145,60.1,1.0,6998
2016,23257,30,61.7,1.7,13298
2019,3398,145,41.5,1.4,14998
2018,6922,145,44.1,1.0,13498
2015,25399,145,47.1,1.4,7998
2016,19230,30,55.4,1.2,7398
2019,8777,145,44.1,1.0,13998
2018,37305,145,34.9,1.6,14498
2018,8795,145,44.1,1.0,14298
2018,13884,135,78.5,1.6,17298
2018,6443,135,78.5,1.6,17298
2017,25878,145,57.7,1.2,7998
2017,26826,30,61.4,1.7,15498
2019,17325,145,34.9,1.6,15498
2015,64365,0,78.4,1.6,6698
2019,17865,145,34.9,1.6,15498
2018,38520,145,28.0,2.5,15998
2016,63104,30,61.7,1.7,11498
2016,31054,30,61.7,1.7,12498
2013,38602,260,41.5,2.2,12498
2016,50167,0,78.4,1.6,7998
2018,36164,145,28.0,2.5,15498
2018,36759,145,28.0,2.5,15498
2017,21451,145,55.4,1.2,7998
2018,14147,145,56.5,1.0,10998
2018,11901,145,56.5,1.0,11498
2018,4758,145,74.3,1.6,12498
2018,18,145,34.9,1.6,16498
2018,11852,145,57.7,1.0,9498
2015,45640,145,47.1,1.4,6844
2014,50425,200,46.3,2.2,11830
2019,9488,145,34.9,1.6,15998
2018,11118,145,44.1,1.0,13698
2018,11139,145,44.1,1.0,13698
2016,48233,30,61.7,1.7,11798
2018,17402,145,56.5,1.0,11298
2016,24109,145,48.7,1.4,9498
2018,12130,145,57.7,1.0,9998
2018,11122,145,74.3,1.6,11498
2018,14875,145,56.5,1.0,11498
2019,14461,150,34.9,1.6,15498
2017,5733,20,60.1,1.0,7998
2017,45726,150,61.7,1.7,14298
2016,41429,0,78.4,1.6,7998
2017,15908,145,61.7,1.7,13998
2013,42786,145,47.1,1.4,5995
2015,53730,30,65.7,1.7,8854
2013,78189,145,48.7,1.7,5998
2016,30565,125,50.4,1.4,7998
2013,91001,150,48.7,1.7,5698
2016,24636,165,44.8,1.6,11698
2016,35870,30,61.7,1.7,12698
2018,11010,145,58.9,1.2,9494
2017,62382,30,61.7,1.7,10995
2018,4826,145,47.9,1.2,10498
2018,19001,145,52.3,1.0,12998
2018,18911,145,52.3,1.0,13998
2018,13655,145,52.3,1.0,12998
2015,34123,125,50.4,1.4,7498
2016,20746,20,60.1,1.0,5998
2019,3752,145,44.1,1.0,15298
2016,26677,30,61.7,1.7,13498
2016,44268,30,61.7,1.7,10998
2016,26775,30,65.7,1.7,10498
2016,41350,30,61.7,1.7,11998
2017,33763,145,65.7,1.7,10498
2016,42404,30,61.7,1.7,11498
2016,37692,30,61.7,1.7,11900
2017,19583,30,55.4,1.2,7998
2015,64925,165,51.4,2.0,8298
2013,62227,165,46.0,1.4,5998
2013,26550,145,47.1,1.4,6998
2016,73053,125,50.4,1.4,6998
2017,13692,145,56.5,1.0,9998
2019,15196,145,34.9,1.6,15498
2019,13684,145,34.9,1.6,15498
2017,6741,150,44.8,1.6,13698
2018,9653,150,34.9,1.6,15498
2017,25630,125,57.6,1.7,14298
2015,20662,145,48.7,1.4,8498
2017,31696,20,60.1,1.0,6498
2017,13490,30,61.7,1.7,13998
2013,56726,150,48.7,1.7,6498
2018,15474,145,61.7,1.7,13298
2016,89895,30,61.7,1.7,9998
2016,15701,30,55.4,1.2,7498
2017,14412,150,61.4,1.7,15998
2018,17598,135,78.5,1.6,15998
2015,48949,0,78.4,1.6,7198
2016,28723,200,47.1,2.0,16498
2017,9859,145,60.1,1.0,7798
2018,16522,145,47.1,1.6,17998
2015,21575,20,72.4,1.6,7998
2018,16174,145,74.3,1.6,11498
2016,30266,0,78.4,1.6,8798
2017,15553,145,57.7,1.2,8298
2019,17338,145,34.9,1.6,15498
2019,1001,145,39.8,2.2,32998
2017,24263,30,61.7,1.7,12998
2019,5449,150,45.6,1.0,13498
2016,25018,125,50.4,1.4,8498
2015,38884,150,48.7,1.4,7498
2018,13901,145,74.3,1.6,11998
2017,8303,125,50.4,1.4,9798
2018,3353,145,44.1,1.0,13698
2014,43978,145,53.3,1.7,8498
2019,12818,150,34.9,1.6,15498
2016,29465,125,50.4,1.4,7998
2017,6318,160,44.8,1.6,12998
2017,22714,145,61.7,1.7,13498
2015,50221,0,78.4,1.6,7298
2018,3895,145,60.1,1.0,7298
2019,13177,150,34.9,1.6,15498
2019,11686,150,34.9,1.6,15498
2016,18361,0,78.4,1.6,9498
2019,15861,145,34.9,1.6,15498
2019,17431,145,34.9,1.6,15498
2018,8980,145,44.1,1.0,13998
2016,31237,30,61.7,1.7,11298
2017,17820,145,61.7,1.7,13998
2016,8423,125,50.4,1.4,8298
2019,15091,145,34.9,1.6,15498
2019,11896,145,34.9,1.6,15498
2016,30164,30,61.7,1.7,12498
2016,35696,30,61.7,1.7,12798
2016,28390,235,38.7,1.6,10998
2018,11776,135,78.5,1.6,16998
2016,12663,30,61.7,1.7,13498
2017,23941,125,57.6,1.7,16998
2016,28022,0,78.4,1.6,8698
2017,22068,30,61.7,1.7,11160
2017,24144,125,57.6,1.7,14480
2016,23793,30,61.7,1.7,12998
2015,27027,125,50.4,1.4,6498
2017,14920,30,61.7,1.7,13998
2014,38589,30,62.8,1.7,8998
2019,2031,135,62.8,1.6,22998
2017,15935,125,57.6,1.7,15998
2018,4829,150,44.1,1.0,16998
2015,35259,0,78.4,1.6,7698
2017,45005,145,61.7,1.7,13498
2016,40540,30,61.7,1.7,11798
2016,59776,30,61.7,1.7,10698
2016,51963,30,61.7,1.7,11998
2017,31927,30,61.7,1.7,13498
2016,5156,145,48.7,1.4,9298
2019,3122,145,39.8,2.2,33998
2016,34747,160,44.8,1.6,11698
2019,15,145,44.1,1.0,15498
2016,28933,125,50.4,1.4,7998
2017,15455,30,61.7,1.7,14498
2019,1550,145,51.4,1.6,21498
2016,19658,125,50.4,1.4,8498
2017,9595,160,43.5,1.6,10298
2016,33503,145,48.7,1.4,8798
2014,13281,20,60.1,1.0,5916
2017,1847,20,60.1,1.0,7101
2014,13281,20,60.1,1.0,5916
2017,1847,20,60.1,1.0,7101
2016,12489,125,57.6,1.7,14998
2016,30773,30,61.7,1.7,12998
2017,8016,30,61.7,1.7,14998
2017,18701,125,57.6,1.7,14498
2018,32235,145,28.0,2.5,15998
2016,12668,145,48.7,1.4,9998
2018,13002,145,57.7,1.0,9498
2018,12424,145,44.1,1.0,13498
2015,41835,30,47.9,1.2,5998
2017,15899,145,54.3,2.0,18330
2019,5137,145,31.7,2.5,18497
2019,11750,150,34.9,1.6,15498
2018,14664,145,56.5,1.0,10998
2015,44705,265,41.5,2.0,10995
2017,30000,145,74.3,1.6,13995
2015,33730,145,53.3,1.7,9470
2015,30796,150,48.7,1.4,7998
2017,21985,145,61.7,1.7,13850
2018,13557,145,44.1,1.0,14498
2016,23828,200,47.1,2.2,17298
2017,37513,145,57.7,1.2,6798
2016,38564,30,61.7,1.7,12298
2016,38297,125,50.4,1.4,7298
2017,22336,145,65.7,1.7,11698
2018,6014,145,44.1,1.0,14798
2018,11942,135,78.5,1.6,16698
2016,17110,325,33.6,2.5,14998
2017,17526,145,57.6,1.7,14998
2016,31702,30,61.7,1.7,11998
2015,32398,0,78.4,1.6,7698
2016,32617,30,61.7,1.7,10998
2015,50700,0,78.4,1.6,6310
2016,38011,0,78.4,1.6,7637
2019,16232,145,31.7,2.5,18550
2016,10906,160,44.8,1.6,11180
2013,48000,20,61.4,1.2,3491
2013,71888,300,39.2,2.0,7491
2014,42630,145,53.3,1.7,8300
2018,30287,145,56.5,1.0,9017
2016,33318,20,60.1,1.0,5794
2016,20457,0,78.4,1.6,8850
2019,3475,145,35.3,1.6,17400
2017,12102,145,50.4,1.4,9998
2015,56471,30,58.9,1.2,5495
2014,51023,145,53.3,1.7,7995
2014,46152,30,62.8,1.7,7498
2014,54550,150,53.3,1.7,8498
2017,40124,235,42.8,2.2,17998
2015,30010,150,47.1,1.4,6998
2016,33298,20,72.4,1.6,9998
2015,20979,20,60.1,1.0,5998
2016,26600,200,47.1,2.0,14495
2016,6839,200,41.5,1.6,11230
2018,28283,135,78.5,1.6,15998
2018,11724,145,44.1,1.0,13498
2016,10590,20,60.1,1.0,6960
2014,59247,145,53.3,1.7,7777
2016,41593,0,78.4,1.6,8498
2017,5970,150,60.1,1.0,7298
2017,16353,30,61.7,1.7,13998
2014,41063,20,60.1,1.0,4898
2014,45449,145,47.1,1.4,6750
2017,30318,145,57.7,1.2,7750
2013,71271,145,47.1,1.4,4995
2015,42307,0,78.4,1.6,6700
2018,8404,145,74.3,1.6,12700
2018,14956,145,60.1,1.0,7695
2018,13474,135,78.5,1.6,17298
2018,11856,135,78.5,1.6,15998
2016,13185,30,61.7,1.7,13498
2017,13480,145,58.9,1.2,8698
2016,15110,30,61.7,1.7,14798
2018,21636,145,52.3,1.0,13698
2017,16814,145,61.7,1.7,14998
2016,38705,0,78.4,1.6,7998
2017,27742,30,61.7,1.7,12798
2017,19900,125,57.6,1.7,15498
2016,26225,150,48.7,1.4,8998
2015,42865,150,53.3,1.7,9498
2017,24713,30,61.7,1.7,11998
2018,9097,135,78.5,1.6,16998
2018,5801,145,52.3,1.0,13298
2017,2916,145,61.7,1.7,13798
2019,17441,145,34.9,1.6,15498
2017,13807,30,61.7,1.7,14000
2013,69605,145,53.3,1.7,6998
2017,13217,145,50.4,1.4,9798
2015,43000,20,67.3,1.7,9000
2018,26122,145,52.3,1.0,11784
2018,12495,145,44.8,1.6,14364
2018,10960,145,46.3,1.2,10595
2018,17472,145,55.4,1.2,8600
2015,59000,0,78.4,1.6,6885
2016,27918,0,65.7,1.0,7698
2019,2269,145,31.7,2.5,22998
2017,19581,145,60.1,1.0,7298
2017,13635,165,44.8,1.6,12698
2018,8327,145,60.1,1.0,7495
2018,14669,145,60.1,1.0,7495
2018,22773,145,60.1,1.0,7495
2017,27000,150,61.4,1.7,15395
2017,19881,20,60.1,1.0,6995
2018,16764,150,58.9,1.2,8895
2018,19087,145,60.1,1.0,8994
2018,12153,145,60.1,1.0,7695
2016,9723,20,60.1,1.0,6395
2016,17784,0,78.4,1.6,9498
2019,750,145,44.1,1.0,14998
2016,52938,30,61.7,1.7,11498
2016,58791,30,61.7,1.7,12498
2016,11909,20,60.1,1.0,6500
2016,14756,30,61.7,1.7,12298
2017,38763,145,57.7,1.7,16298
2017,25424,30,61.7,1.7,13498
2016,40741,30,65.7,1.7,9798
2015,54324,0,78.4,1.6,6998
2018,12215,145,44.1,1.0,13097
2015,24904,145,48.7,1.4,8340
2015,24042,145,47.1,1.4,7830
2018,22508,135,78.5,1.6,13998
2017,21009,20,60.1,1.0,6590
2017,15804,30,61.7,1.7,14798
2019,17815,145,34.9,1.6,15498
2016,19303,30,61.7,1.7,11998
2017,25344,145,74.3,1.6,10698
2018,31885,145,52.3,1.0,11798
2018,16046,135,78.5,1.6,16498
2018,16790,135,78.5,1.6,16498
2016,28861,30,61.7,1.7,12998
2018,26615,145,52.3,1.0,11998
2019,13591,145,34.9,1.6,15498
2017,20917,30,61.7,1.7,13798
2016,44794,30,61.7,1.7,12798
2019,17770,150,34.9,1.6,15498
2019,17016,150,34.9,1.6,15498
2019,17966,145,34.9,1.6,15498
2017,32147,30,61.7,1.7,12995
2017,22919,200,47.1,2.2,20495
2018,13668,150,48.7,1.6,17995
2017,21542,150,74.3,1.6,10995
2017,12957,240,42.8,2.2,19498
2018,12914,145,43.5,1.6,10475
2017,39144,145,61.4,1.7,14000
2017,21043,30,58.9,1.2,7485
2018,24532,150,60.1,1.0,6485
2015,70075,30,61.7,1.7,9795
2013,85000,150,45.6,1.4,4799
2018,7594,145,60.1,1.0,7985
2018,17189,145,42.8,2.2,21995
2018,15673,145,74.3,1.6,11695
2016,34020,30,61.7,1.7,12195
2014,47210,150,47.1,1.4,5999
2018,10000,145,47.9,1.2,9990
2018,5200,145,34.0,1.6,21495
2014,42346,20,60.1,1.0,5450
2017,43858,125,57.6,1.7,13490
2016,36736,125,58.9,2.0,13450
2014,35000,150,53.3,1.7,8490
2017,32624,30,61.7,1.7,11390
2017,61942,20,72.4,1.6,8450
2015,34878,200,43.6,1.6,6890
2014,53544,165,51.4,2.0,9475
2017,30531,30,61.7,1.7,10950
2016,9671,0,78.4,1.6,9995
2017,30142,200,47.1,2.2,17295
2018,11374,145,44.8,1.6,14695
2019,13251,145,34.9,1.6,14995
2017,30505,30,55.4,1.2,7395
2019,8293,145,34.9,1.6,15695
2019,4989,145,44.1,1.0,13695
2016,23261,0,78.4,1.6,8695
2016,37452,125,57.6,1.7,13495
2016,47077,235,42.8,2.2,16495
2018,32250,145,47.1,2.0,15995
2016,26452,30,61.7,1.7,12295
2018,40404,145,57.6,1.7,17295
2017,36425,145,57.6,1.7,14295
2018,12407,145,52.3,1.0,14995
2017,14491,30,61.7,1.7,15295
2016,26876,125,56.5,1.7,10695
2016,25224,30,61.7,1.7,12495
2015,41900,260,41.5,2.2,14495
2019,804,145,31.7,2.5,20000
2017,12023,30,61.7,1.7,13000
2017,15948,125,57.6,1.7,14000
2017,11428,30,61.7,1.7,14195
2013,46436,160,43.5,1.6,6495
2020,3850,145,48.7,1.6,25995
2019,14600,145,46.3,1.2,10395
2017,31490,0,78.5,1.6,14795
2016,66216,30,61.7,1.7,10695
2019,11311,135,78.5,1.6,16695
2019,14000,145,44.1,1.0,14495
2019,8809,135,78.5,1.6,16995
2018,20000,135,78.5,1.6,15695
2019,11341,145,34.9,1.6,17995
2020,3000,135,62.8,1.6,21695
2017,41157,30,61.7,1.7,12895
2019,14368,135,78.5,1.6,17495
2019,18241,145,48.7,1.6,17995
2019,5874,145,36.2,1.6,21995
2020,4000,145,41.5,1.4,16995
2020,1000,145,56.5,1.0,11895
2019,4000,145,60.1,1.6,15995
2020,4550,145,51.4,1.2,12995
2018,33500,145,57.7,1.7,16495
2017,18235,30,61.7,1.7,12995
2014,42346,20,60.1,1.0,5450
2018,33500,145,57.7,1.7,16495
2017,18235,30,61.7,1.7,12995
2018,7594,145,60.1,1.0,7985
2018,17189,145,42.8,2.2,21995
2017,46899,0,78.5,1.6,14385
2018,35887,145,42.8,2.2,20995
2018,25289,145,74.3,1.6,11495
2016,15800,30,61.7,1.7,11495
2015,39779,30,65.7,1.7,9995
2016,21225,30,61.7,1.7,13495
2014,64021,145,53.3,1.7,6995
2017,35776,125,57.6,1.7,13490
2016,68773,145,54.3,2.0,11990
2018,18000,145,44.8,1.6,13690
2014,59200,30,65.7,1.7,6490
2017,49035,145,74.3,1.6,9990
2017,22531,200,47.1,2.2,18295
2016,40800,30,61.7,1.7,11295
2017,28845,200,47.1,2.2,19995
2017,41684,125,57.6,1.7,14495
2017,47840,30,61.7,1.7,13995
2020,3000,145,47.9,1.6,26995
2017,35753,200,47.1,2.0,18495
2017,31013,30,61.4,1.7,14995
2017,35793,125,57.6,1.7,17695
2020,3000,145,46.3,1.2,12995
2017,36681,30,61.7,1.7,12995
2019,12230,150,34.9,1.6,15498
2019,15308,150,34.9,1.6,15498
2019,11024,150,34.9,1.6,15498
2018,16662,145,34.9,1.6,15295
2017,29671,145,57.7,1.2,6995
2018,7766,145,60.1,1.0,7495
2017,34871,145,57.7,1.2,6795
2017,19990,125,57.6,1.7,15495
2018,2442,145,57.7,1.2,8995
2016,32696,200,46.3,2.2,15995
2019,12,145,46.3,1.6,26995
2017,17849,30,61.7,1.7,13895
2017,13061,125,57.6,1.7,14995
2019,15000,145,41.5,1.4,13595
2019,4,145,47.1,1.6,25495
2019,12000,145,54.3,1.6,15495
2018,22756,145,31.7,2.5,16895
2019,5338,145,34.9,1.6,16395
2019,6214,145,34.9,1.6,16095
2018,17534,135,78.5,1.6,17195
2019,2860,145,34.9,1.6,16595
2019,2144,145,34.0,2.0,22395
2015,41050,30,65.7,1.7,7480
2017,38300,145,58.9,2.0,15700
2020,371,150,56.5,1.0,12500
2018,9531,135,78.5,1.6,17995
2016,29856,125,57.6,1.7,14495
2015,61219,30,55.4,1.2,5995
2016,51919,0,78.4,1.6,7995
2016,27509,30,61.7,1.7,12698
2018,17070,145,56.5,1.0,10498
2014,54681,30,57.6,1.2,5212
2017,16403,20,60.1,1.0,6760
2015,28300,125,51.4,1.4,7390
2019,16375,145,36.2,1.6,18495
2015,34712,160,42.2,1.4,7995
2019,5636,145,58.9,1.6,15995
2019,9800,145,39.8,2.2,31995
2017,21776,145,61.7,1.7,14498
2017,33771,150,61.7,1.7,13298
2016,25865,30,61.7,1.7,12480
2016,27802,325,33.6,2.5,13710
2016,26294,235,42.8,2.2,17650
2017,37972,145,57.7,1.2,6750
2016,60996,30,61.7,1.7,10985
2018,18385,145,60.1,1.0,7485
2018,9832,145,60.1,1.0,7485
2018,20189,145,60.1,1.0,7185
2017,23558,145,61.7,1.7,13995
2019,7896,145,44.1,1.0,14985
2019,17976,145,44.1,1.0,14485
2019,6437,135,78.5,1.6,17195
2016,49018,30,61.7,1.7,10995
2018,22524,145,60.1,1.0,6985
2018,8043,145,60.1,1.0,7685
2018,5406,145,60.1,1.0,7985
2017,24014,145,60.1,1.0,7498
2014,17641,30,57.6,1.2,5998
2017,5676,30,57.7,1.2,8498
2017,33067,145,65.7,1.7,11485
2018,13878,145,54.3,1.0,11985
2019,15113,145,44.1,1.0,14785
2019,11372,145,44.1,1.0,14985
2019,17815,145,44.1,1.0,13485
2019,17868,145,44.1,1.0,14985
2020,3811,145,34.0,2.0,22895
2020,4152,135,1.1,1.6,23895
2016,27000,125,56.5,1.7,10695
2017,17354,240,42.8,2.2,19495
2017,17500,20,60.1,1.0,7495
2016,44534,0,78.4,1.6,8595
2016,15560,125,50.4,1.4,8250
2019,10193,145,34.9,1.6,14995
2017,12490,160,44.8,1.6,12995
2018,15946,135,78.5,1.6,14995
2017,31456,150,72.4,1.6,9299
2017,6173,125,57.6,1.7,15110
2017,17333,145,61.7,1.7,14295
2014,46598,30,57.6,1.2,4950
2017,16853,0,74.3,1.6,11799
2017,22128,145,60.1,1.0,6950
2016,36182,20,60.1,1.0,4388
2017,31814,30,57.7,1.2,6699
2018,7034,150,52.3,1.0,13485
2018,16899,150,58.9,1.2,9285
2016,10710,30,61.7,1.7,13785
2018,3200,145,60.1,1.0,7995
2013,50438,30,62.8,1.7,6995
2017,6430,30,61.7,1.7,14798
2017,8133,30,61.7,1.7,12998
2018,6308,135,78.5,1.6,16998
2019,14577,145,34.9,1.6,15498
2019,12521,145,34.9,1.6,15498
2017,29800,200,47.9,2.0,14795
2013,67762,160,46.3,1.4,5295
2018,35226,145,47.1,2.0,15320
2019,8904,135,78.5,1.6,16990
2018,7443,135,78.5,1.6,18490
2015,68969,20,67.3,1.7,7050
2018,31459,145,57.7,1.7,17591
2018,32543,145,28.0,2.5,17680
2017,52029,30,61.7,1.7,11577
2016,19578,30,55.4,1.2,8111
2017,6206,145,52.3,1.0,12710
2017,35937,30,58.9,1.2,7010
2017,60591,30,61.7,1.7,11995
2018,30734,145,67.3,1.7,12295
2018,13286,135,78.5,1.6,15990
2018,10052,135,78.5,1.6,15990
2015,51000,145,53.3,1.7,8290
2017,12455,150,57.7,1.2,9495
2015,40883,20,61.4,1.0,5971
2019,10100,145,44.8,1.0,13730
2019,8972,135,78.5,1.6,17990
2019,100,145,51.4,1.6,25110
2016,28386,20,61.4,1.0,5870
2016,19390,20,60.1,1.0,6130
2017,8449,145,50.4,1.4,9250
2018,6897,135,78.5,1.6,17750
2013,31643,145,48.7,1.7,7495
2017,37302,145,61.7,1.7,11995
2018,26219,145,57.7,1.2,7695
2018,26019,145,57.7,1.2,7695
2018,30288,145,57.6,1.7,15595
2017,41603,30,61.7,1.7,12395
2018,7375,145,52.3,1.0,14490
2017,27950,125,50.4,1.4,8991
2013,22000,20,61.4,1.2,4291
2019,6175,145,44.8,1.0,13990
2019,5653,135,78.5,1.6,23370
2016,29508,125,58.9,2.0,12990
2018,6295,145,52.3,1.0,14550
2016,35335,30,56.5,1.2,7190
2016,28895,30,61.7,1.7,12491
2017,12814,145,58.9,1.2,8691
2017,30650,145,61.4,1.7,13830
2018,7894,145,34.9,1.6,14900
2018,6897,135,78.5,1.6,16750
2018,14764,145,52.3,1.0,14250
2018,8961,145,52.3,1.0,13350
2018,7369,145,52.3,1.0,12910
2014,25500,20,60.1,1.0,4970
2019,6416,145,44.8,1.0,14030
2017,14010,20,60.1,1.0,6610
2019,12972,145,44.8,1.0,13600
2019,8295,145,44.8,1.0,13970
2019,10661,145,44.8,1.0,13910
2016,49029,30,61.7,1.7,11950
2014,40000,30,57.6,1.2,5195
2014,46460,20,60.1,1.0,4998
2014,46793,0,76.3,1.6,5849
2016,32919,30,61.7,1.7,12698
2016,29412,0,78.4,1.6,9298
2014,44509,30,57.6,1.2,4498
2017,20132,145,60.1,1.0,6297
2017,17720,145,57.7,1.2,6950
2019,3702,145,44.1,1.0,14770
2019,2112,145,41.5,1.4,15120
2019,623,145,34.9,1.6,21490
2019,2362,145,60.1,1.0,8690
2019,7980,135,78.5,1.6,16200
2017,11175,145,42.8,2.2,20550
2019,15314,145,57.6,1.2,9690
2017,15733,30,58.9,1.2,8291
2018,13812,145,52.3,1.0,12377
2020,697,145,55.4,1.2,13495
2020,771,145,53.3,1.0,14490
2018,28141,135,78.5,1.6,16995
2019,14614,145,60.1,1.0,7995
2018,7248,145,57.7,1.2,8380
2016,10278,235,42.2,2.2,19990
2019,1267,135,78.5,1.6,17250
2016,29700,20,61.4,1.0,6391
2016,9856,20,61.4,1.0,6310
2017,17839,145,58.9,1.2,8291
2018,5971,145,52.3,1.0,13147
2017,16617,145,57.7,1.2,7150
2016,32442,20,58.9,1.0,7810
2017,20259,20,62.8,1.0,8891
2017,9121,20,60.1,1.0,6695
2018,13799,145,57.7,1.2,7590
2019,6222,145,48.7,1.6,22690
2017,41342,30,61.7,1.7,12798
2017,55625,30,61.7,1.7,11998
2017,20673,150,43.5,1.6,9998
2019,16070,145,34.9,1.6,15495
2018,28227,135,78.5,1.6,16495
2018,15192,135,78.5,1.6,18495
2016,49430,20,60.1,1.0,4985
2018,18276,145,60.1,1.0,8490
2014,12378,30,57.6,1.2,6745
2017,27782,145,60.1,1.0,6999
2015,54755,0,78.4,1.6,6998
2015,47300,145,53.3,1.7,7950
2018,26096,145,52.3,1.0,12370
2016,25976,200,47.1,2.2,19360
2017,15564,145,52.3,1.0,13140
2017,25997,145,57.7,1.2,7999
2019,6040,135,78.5,1.6,18495
2016,25857,20,60.1,1.0,5485
2018,16777,150,55.4,1.2,10985
2017,47028,125,57.6,1.7,14985
2017,19273,150,74.3,1.6,10785
2018,19416,150,74.3,1.6,12485
2018,18961,150,58.9,1.0,9985
2018,16492,150,61.7,1.7,13985
2020,433,145,34.9,1.6,19950
2020,101,145,56.5,1.0,11670
2020,101,145,46.3,1.2,12770
2018,14597,145,60.1,1.0,8490
2017,36895,150,58.9,2.0,15995
2014,33508,30,57.6,1.2,5495
2018,9493,150,60.1,1.0,8495
2018,11895,150,46.3,1.2,10295
2018,33294,145,74.3,1.6,10981
2017,18228,0,74.3,1.6,10999
2013,22300,20,61.4,1.2,4950
2016,15887,30,65.7,1.7,9700
2016,39267,20,60.1,1.0,6499
2018,12100,145,46.3,1.2,9445
2016,11511,200,41.5,1.6,10695
2017,13425,20,60.1,1.0,6499
2018,18045,150,61.7,1.7,13985
2017,12521,145,60.1,1.0,6797
2019,4180,145,44.1,1.0,15990
2019,6155,145,51.4,1.6,22500
2016,42231,145,54.3,2.0,14710
2016,50132,145,54.3,2.0,12190
2018,9046,145,44.8,1.6,15691
2017,46297,150,55.4,1.2,8099
2019,101,145,34.9,1.6,21490
2017,20187,160,45.6,1.4,9530
2019,16003,145,34.9,1.6,18500
2018,9598,145,60.1,1.0,8000
2016,32723,30,57.6,1.2,6891
2016,12680,30,55.4,1.2,8290
2016,58264,30,61.7,1.7,11517
2016,19427,30,55.4,1.2,7990
2014,13000,30,57.6,1.2,6390
2019,4234,145,31.7,2.5,21290
2018,11591,135,78.5,1.6,14747
2017,9225,145,65.7,1.7,11690
2017,22000,145,60.1,1.0,6799
2015,48072,30,55.4,1.2,6499
2016,64038,30,61.7,1.7,10100
2016,56001,20,67.3,1.7,8731
2019,1642,145,44.1,1.0,15800
2016,46000,20,60.1,1.0,5500
2018,1500,145,60.1,1.0,8690
2014,41500,30,57.6,1.2,4980
2014,38406,30,62.8,1.7,7600
2017,23434,145,55.4,1.2,8990
2018,15927,145,60.1,1.0,7500
2019,6320,145,35.3,1.6,16000
2019,5931,145,39.2,2.2,34000
2020,4092,145,48.7,1.6,23500
2015,9767,160,43.5,1.6,9495
2016,35474,30,61.7,1.7,12600
2018,9598,145,60.1,1.0,8000
2016,17611,125,50.4,1.4,8590
2017,22298,0,74.3,1.6,10290
2018,11196,145,68.9,1.6,13510
2017,35832,145,55.4,1.2,7291
2013,67689,125,52.3,1.4,4121
2017,62308,125,58.9,2.0,13056
2016,28224,20,61.4,1.0,5191
2017,9400,135,78.5,1.6,15499
2013,59382,160,46.0,1.4,5995
2017,35000,145,57.7,1.2,6390
2018,6733,145,52.3,1.0,14290
2017,21858,145,52.3,1.0,11990
2017,20000,30,55.4,1.2,7799
2017,2812,30,58.9,1.2,7995
2019,16003,145,34.9,1.6,18500
2019,10617,135,78.5,1.6,17998
2017,32412,145,60.1,1.0,7600
2018,16380,145,60.1,1.0,8490
2018,19995,145,60.1,1.0,8490
2019,11057,145,47.1,1.6,21750
2017,34328,145,67.3,1.7,10465
2019,12450,145,28.0,2.5,19965
2018,19931,150,60.1,1.0,7465
2017,24598,125,58.9,2.0,14498
2013,61735,0,76.3,1.6,4998
2019,6964,150,44.1,1.0,13480
2019,6979,145,46.3,1.2,9795
2018,19935,145,39.2,2.2,29000
2017,23786,145,48.7,1.4,8995
2017,38472,145,65.7,1.7,9999
2013,33000,30,57.6,1.2,4495
2017,52539,30,57.7,1.2,6089
2017,17899,150,50.4,1.4,9200
2015,64708,150,53.3,1.7,8090
2019,1642,150,39.8,2.2,32995
2017,19769,150,44.8,1.6,12990
2018,21600,150,33.6,2.5,16790
2016,17124,30,58.9,1.2,7995
2016,7418,20,60.1,1.0,6995
2019,14690,145,47.1,1.6,21000
2020,1000,145,34.0,2.0,26995
2013,24003,125,54.3,1.4,5400
2017,11567,145,50.4,1.4,9500
2016,45770,20,60.1,1.2,6400
2013,50150,200,43.6,1.6,6995
2019,2439,135,62.8,1.6,21800
2016,23500,20,58.9,1.0,7995
2014,31592,20,60.1,1.0,4998
2019,101,145,34.9,1.6,21490
2020,1500,145,53.3,1.0,13995
2020,1500,135,52.3,1.6,25195
2017,14620,145,57.7,1.2,8995
2018,7557,150,52.3,1.0,15000
2018,10434,150,44.1,1.0,15000
2015,63917,150,53.3,1.7,7450
2016,29203,20,60.1,1.0,5995
2018,30381,135,78.5,1.6,15490
2019,16108,145,57.6,1.2,8395
2016,14157,235,42.2,2.2,18990
2017,21692,160,44.8,1.6,13490
2020,3213,145,56.5,1.0,11990
2017,23329,145,60.1,1.0,7000
2017,34545,30,61.7,1.7,14000
2018,14804,145,60.1,1.0,8490
2017,32000,150,57.7,1.2,7295
2016,48687,30,65.7,1.7,8995
2015,23989,125,50.4,1.4,6495
2017,33585,145,54.3,2.0,13960
2016,28000,240,42.8,2.2,20495
2015,29658,30,55.4,1.2,7995
2018,7400,145,44.1,1.0,14680
2018,19036,145,52.3,1.0,13647
2017,15917,145,47.9,1.2,8991
2017,12322,125,57.6,1.7,14550
2016,44965,30,57.6,1.2,5722
2017,21354,145,50.4,1.4,9490
2019,2898,145,49.6,1.0,8990
2018,15014,135,78.5,1.6,17690
2017,18732,145,60.1,1.0,6660
2018,8623,145,60.1,1.0,7560
2019,691,145,49.6,1.0,9800
2019,1173,145,39.2,2.2,33900
2019,575,145,34.9,1.6,20970
2016,23315,20,60.1,1.0,5990
2016,16422,20,60.1,1.0,6750
2019,6363,145,42.8,2.2,33995
2018,32672,145,28.0,2.5,16995
2018,9192,135,78.5,1.6,16995
2018,38687,145,52.3,1.4,10950
2017,11086,30,57.7,1.2,8995
2016,42812,235,42.2,2.2,15995
2020,2500,145,36.2,1.6,24495
2017,6467,135,78.5,1.6,17870
2017,20401,145,52.3,1.0,11980
2019,8550,145,44.1,1.0,14680
2018,10248,145,58.9,1.2,8970
2019,2928,145,47.9,1.0,11670
2017,13789,135,78.5,1.6,16970
2019,17401,145,57.6,1.2,9770
2016,12552,30,57.6,1.2,7970
2020,2100,145,56.5,1.0,12495
2018,10014,145,56.5,1.0,11455
2019,7192,140,78.5,1.6,16498
2017,5060,125,57.6,1.7,15998
2019,5931,135,78.5,1.6,17270
2016,10916,30,56.5,1.2,7970
2019,961,135,78.5,1.6,18570
2020,1000,145,44.1,1.0,20970
2019,25,145,39.8,2.2,35495
2017,7609,145,50.4,1.4,9670
2016,17103,30,61.7,1.7,13495
2017,18044,145,60.1,1.0,6970
2017,30314,145,58.9,1.2,7870
2018,12185,145,55.4,1.2,8980
2019,4489,135,62.8,1.6,21780
2019,5792,145,50.4,1.6,25980
2018,5685,145,60.1,1.0,8280
2014,31575,30,57.6,1.2,5580
2020,1298,145,46.3,1.2,12980
2018,29248,135,78.5,1.6,13495
2016,36238,150,54.3,2.0,15995
2018,9870,145,68.9,1.6,14550
2019,9923,145,39.2,2.2,32570
2019,1500,145,34.0,2.0,24970
2020,1600,145,53.3,1.0,13495
2016,31163,30,55.4,1.2,6980
2019,3655,150,60.1,1.0,7698
2017,24049,150,61.7,1.7,11998
2016,45770,20,60.1,1.2,6400
2016,23500,20,58.9,1.0,7995
2013,50150,200,43.6,1.6,6995
2015,18374,30,57.6,1.2,6995
2019,2323,145,49.6,1.0,9195
2018,9176,145,39.2,2.2,31995
2016,26543,30,55.4,1.2,7175
2013,55472,145,53.3,1.7,6999
2018,17704,150,56.5,1.0,11298
2017,16768,125,57.6,1.7,15698
2018,17789,145,52.3,1.0,12498
2019,14231,145,34.9,1.6,15498
2017,21025,30,61.7,1.7,13498
2016,46601,30,61.7,1.7,11823
2013,47176,0,76.3,1.6,6000
2019,8601,135,78.5,1.6,15970
2017,22300,150,74.3,1.0,12470
2019,20490,150,44.1,1.0,14470
2018,10612,150,50.4,1.4,10350
2017,19625,145,57.7,1.2,7998
2015,54411,30,61.7,1.7,10995
2015,59040,0,78.4,1.6,7298
2017,14376,125,57.6,1.7,15498
2018,33530,145,39.8,1.6,16780
2020,2083,135,52.3,1.6,25280
2019,4868,135,62.8,1.6,22680
2017,22293,0,78.5,1.6,15780
2020,978,145,35.8,1.6,25180
2020,1298,145,50.4,1.6,25980
2020,2148,145,34.0,2.0,25280
2017,50313,125,58.9,2.0,13791
2019,2180,145,42.2,1.4,16980
2018,21588,145,47.1,2.2,20842
2017,15040,145,61.7,1.7,13698
2016,26753,20,60.1,1.0,5998
2017,31037,20,60.1,1.0,5698
2017,17845,145,51.4,1.4,13488
2015,36188,30,57.6,1.2,6995
2015,39661,265,41.5,2.0,10495
2016,21941,125,50.4,1.4,8470
2013,15566,145,45.6,1.4,5995
2017,16609,30,57.7,1.2,7795
2020,3000,145,56.5,1.0,13995
2020,1000,145,53.3,1.0,14995
2018,1502,145,49.6,2.0,14995
2016,42310,20,72.4,1.6,9795
2016,25026,20,61.4,1.0,6495
2016,12335,30,56.5,1.2,8995
2017,19096,0,78.5,1.6,16495
2018,15371,145,52.3,1.0,14995
2016,41607,30,58.9,1.2,6995
2019,9586,145,60.1,1.0,8470
2019,8875,145,57.6,1.2,8670
2019,1541,145,35.3,1.6,21995
2019,1442,145,44.1,1.0,15995
2019,5981,145,34.9,1.6,21995
2019,1000,145,41.5,1.4,17995
2019,1000,145,46.3,1.2,13995
2015,17200,200,47.1,1.7,11995
2016,8598,30,55.4,1.2,8795
2017,18916,145,58.9,1.2,8995
2019,10292,145,57.6,1.2,9470
2019,9290,145,57.6,1.2,8970
2019,7811,145,46.3,1.2,10970
2018,13209,150,68.9,1.6,13470
2019,20,150,34.0,2.0,23970
2019,20,150,34.9,2.0,20970
2017,39589,240,42.8,2.2,19470
2017,16844,150,51.4,1.4,11470
2019,100,145,37.7,1.6,22970
2018,10354,145,44.8,1.6,14970
2019,6000,135,62.8,1.6,22970
2019,9932,145,60.1,1.0,8470
2017,15061,30,57.7,1.2,7470
2017,19179,30,61.4,1.7,15970
2015,19800,30,55.4,1.2,7995
2015,19935,30,55.4,1.2,7995
2015,23869,20,60.1,1.0,6250
2018,5713,145,60.1,1.0,8470
2019,11938,145,57.6,1.2,9970
2019,10871,145,60.1,1.0,8970
2017,6955,145,60.1,1.0,7470
2019,8639,145,57.6,1.2,10470
2016,39979,200,47.1,2.2,16470
2018,14886,135,256.8,1.6,18970
2018,6726,145,68.9,1.6,13470
2017,41109,200,47.1,2.2,18670
2019,8837,135,78.5,1.6,19970
2017,13751,145,61.7,1.7,15470
2019,11782,145,57.6,1.2,9970
2017,14673,0,78.5,1.6,15470
2015,16533,30,55.4,1.2,7995
2018,2259,145,37.2,1.6,15495
2019,500,145,60.1,1.0,11495
2013,30252,30,57.6,1.2,5495
2014,30950,30,57.6,1.2,5895
2015,67648,145,54.3,1.7,7995
2018,25833,145,50.4,1.4,11490
2017,22138,145,61.7,1.7,13280
2018,14585,140,78.5,1.6,15980
2015,72712,125,58.9,2.0,11990
2016,23857,0,78.4,1.6,9298
2016,81050,160,44.8,1.6,8698
2016,42252,205,47.9,2.0,13798
2019,11544,145,57.6,1.2,8970
2016,25969,125,50.4,1.4,7970
2019,7178,145,44.1,1.0,13970
2019,8835,145,60.1,1.0,8270
2017,18539,145,78.4,1.6,9499
2017,31534,145,57.7,1.2,6900
2016,27815,125,50.4,1.4,8050
2015,40096,145,54.3,1.7,8991
2018,33389,145,31.7,2.5,15838
2018,12037,145,39.8,1.6,17782
2017,27145,145,65.7,1.7,12450
2018,29746,145,31.7,2.5,15280
2019,2244,145,42.2,1.4,17480
2018,28890,145,60.1,1.0,7125
2018,29157,145,60.1,1.0,7180
2019,5047,135,78.5,1.6,17480
2018,12085,145,61.7,1.7,13980
2017,15956,145,50.4,1.4,8780
2019,6996,145,34.0,2.0,22880
2017,30346,145,60.1,1.0,6780
2018,9606,145,34.9,1.6,15280
2020,1451,145,47.9,1.6,26000
2017,37500,30,58.9,1.2,7180
2019,18,145,37.7,1.6,22000
2016,31731,30,65.7,1.7,11180
2020,3100,145,36.2,1.6,23480
2019,14031,135,78.5,1.6,18480
2019,3704,135,78.5,1.6,22680
2016,20295,30,57.6,1.2,6480
2019,2003,145,50.4,1.6,25499
2017,36357,30,61.7,1.7,12990
2020,500,145,53.3,1.0,13000
2014,39260,160,44.1,1.6,6800
2020,1500,145,39.2,2.2,35500
2017,8962,145,60.1,1.0,7000
2017,7608,145,38.7,1.6,16990
2016,21656,200,47.1,2.0,14990
2019,1750,135,62.8,1.6,20500
2020,1500,135,62.8,1.6,22000
2015,14787,30,57.6,1.2,6490
2019,10547,135,78.5,1.6,16750
2016,45142,30,65.7,1.7,10610
2014,39472,200,41.5,1.6,7750
2017,26628,145,57.7,1.2,7380
2016,32795,0,78.4,1.6,9000
2017,30500,145,57.7,1.2,6400
2018,36862,145,28.0,2.5,16500
2015,50715,200,46.3,2.2,15000
2017,8652,20,60.1,1.0,7500
2020,1000,135,52.3,1.6,23000
2016,45985,0,78.4,1.6,7790
2016,31022,30,61.7,1.7,11998
2017,30335,145,68.9,1.6,10299
2019,8125,150,46.3,1.6,23990
2014,12590,30,57.6,1.2,5930
2014,31172,145,53.3,1.7,9295
2016,20219,30,58.9,1.0,9590
2015,47085,145,54.3,2.0,14250
2017,19012,145,57.6,1.7,15750
2013,46211,125,51.4,1.2,4965
2018,23064,145,56.5,1.0,9699
2014,8896,20,60.1,1.0,6630
2016,9862,30,57.6,1.2,7790
2016,16985,20,60.1,1.0,5990
2018,17167,145,43.5,1.6,10990
2017,19952,150,58.9,1.2,7990
2014,19874,30,57.6,1.2,6490
2016,12965,20,60.1,1.0,7490
2016,20458,165,42.2,1.4,8990
2019,2251,145,40.9,2.2,31680
2017,27717,150,61.7,1.7,11998
2016,29334,125,56.5,1.7,11598
2016,17454,30,56.5,1.2,7495
2018,9151,135,78.5,1.6,18298
2017,25123,145,54.3,2.0,14998
2018,7999,135,78.5,1.6,18498
2017,15999,145,61.7,1.7,12998
2017,23295,200,47.9,2.0,15795
2017,22117,30,61.7,1.7,15980
2013,58000,20,61.4,1.2,3995
2014,35452,165,50.4,1.7,8498
2016,2542,125,50.4,1.4,8495
2015,26280,30,57.6,1.2,5950
2016,31000,165,43.5,1.6,9350
2014,37973,30,57.6,1.2,5700
2017,30335,150,57.6,1.7,13998
2017,26976,145,61.7,1.7,13998
2019,11849,140,78.5,1.6,15998
2017,25597,125,57.6,1.7,14998
2018,19377,150,44.8,1.6,13998
2019,16553,145,34.9,1.6,15498
2015,33036,20,67.3,1.7,9498
2017,14737,125,57.6,1.7,15298
2017,32361,0,78.4,1.6,9498
2017,19812,145,60.1,1.0,7798
2016,36567,30,61.7,1.7,10698
2017,6436,150,57.6,1.7,15998
2018,29315,145,44.8,1.6,13998
2019,1771,145,45.6,1.0,17990
2020,2637,145,46.3,1.2,12991
2020,101,145,56.5,1.0,11491
2017,34407,145,57.7,1.2,8120
2018,16624,150,44.8,1.6,13998
2016,28387,30,56.5,1.2,8350
2015,20905,30,57.6,1.2,6620
2016,47257,0,65.7,1.0,7340
2015,33910,200,41.5,1.6,9891
2017,18732,145,60.1,1.0,6990
2018,8623,145,60.1,1.0,7690
2017,20607,30,61.7,1.7,13480
2019,16330,145,60.1,1.0,7990
2016,20394,145,48.7,1.4,9600
2018,7473,145,52.3,1.0,14590
2020,101,145,56.5,1.0,11490
2020,450,145,36.2,1.6,20991
2020,2622,145,44.1,1.0,16991
2019,8492,135,78.5,1.6,22720
2019,988,145,45.6,1.0,14990
2017,41418,125,57.6,1.7,12998
2017,35731,150,44.8,1.6,11998
2015,34978,0,78.4,1.6,7998
2017,31960,150,57.6,1.7,14698
2015,44444,30,57.6,1.2,6500
2015,29865,145,53.3,1.7,8595
2015,10457,145,47.9,1.2,7595
2018,39101,145,37.7,2.5,14790
2018,19012,145,44.1,1.0,14291
2019,3168,145,50.4,1.6,21990
2018,29268,150,61.7,1.7,12698
2019,110,145,34.9,1.6,21490
2018,6259,135,78.5,1.6,18310
2018,32482,145,57.7,1.7,16990
2018,7719,145,44.8,1.6,13491
2016,11,30,55.4,1.2,7970
2017,41477,145,74.3,1.6,9990
2018,9106,145,44.1,1.0,15990
2019,1583,145,46.3,1.2,11891
2019,7097,145,46.3,1.2,11790
2019,9283,150,44.1,1.0,13491
2018,9046,145,44.8,1.6,15691
2019,3279,145,46.3,1.2,11430
2018,8804,145,58.9,1.2,9991
2018,16103,145,38.7,1.6,17570
2017,20820,145,54.3,2.0,14860
2018,19997,145,46.3,1.2,10249
2017,12356,125,57.6,1.7,15040
2019,150,145,44.1,1.0,14960
2017,10402,145,58.9,1.2,8480
2017,22851,145,55.4,1.2,9080
2017,14225,145,58.9,1.2,8260
2019,500,145,34.0,2.0,24995
2017,9866,145,57.7,1.0,9521
2018,27855,145,47.1,2.0,15815
2018,32802,145,57.6,1.7,14099
2018,35460,145,28.0,2.5,15794
2016,28106,30,56.5,1.2,9295
2014,48900,260,41.5,2.2,14995
2013,30252,30,57.6,1.2,5495
2014,30950,30,57.6,1.2,5895
2014,36642,30,57.6,1.2,5570
2019,1000,145,49.6,1.0,9500
2017,26500,150,65.7,1.7,11388
2017,31382,145,61.7,1.7,14292
2016,66899,125,57.6,1.7,11780
2016,45000,30,61.7,1.7,10299
2017,18145,30,61.7,1.7,12498
2014,42332,150,47.1,1.4,6798
2017,50408,30,61.7,1.7,10698
2017,32939,125,57.6,1.7,14470
2017,17378,145,57.6,1.7,18500
2017,15628,20,60.1,1.0,6560
2017,19674,30,61.7,1.7,14498
2013,41232,30,57.6,1.2,4995
2016,13971,20,60.1,1.0,5992
2017,28585,145,60.1,1.0,6820
2014,49216,260,41.5,2.2,12891
2018,32420,145,28.0,2.5,15749
2018,31007,145,31.7,2.5,15949
2014,37875,20,60.1,1.0,4887
2015,33925,125,51.4,1.4,6995
2017,20996,125,57.6,1.7,15495
2017,32107,145,57.7,1.2,6602
2015,61919,125,56.5,1.7,9495
2015,43492,30,62.8,1.7,8995
2017,29304,145,74.3,1.6,10498
2016,31604,165,44.8,1.6,10498
2018,33244,145,28.0,2.5,15995
2016,14335,20,67.3,1.7,10995
2018,5942,150,38.7,1.6,15495
2019,4700,150,34.0,2.0,21990
2013,69814,20,61.4,1.2,3991
2013,68728,0,76.3,1.6,5408
2017,9647,145,60.1,1.0,7040
2019,1173,145,39.2,2.2,33900
2016,19578,30,55.4,1.2,8111
2018,22684,150,52.3,1.0,12591
2019,150,145,34.9,1.6,22470
2018,7837,145,44.1,1.0,13470
2015,23234,20,60.1,1.0,5891
2018,33911,145,42.8,2.2,19483
2018,38560,145,37.7,2.5,14000
2018,35915,145,42.8,2.2,18000
2018,33389,145,31.7,2.5,16000
2018,38093,145,37.7,2.5,14794
2019,2938,145,49.6,1.0,9990
2017,35937,30,58.9,1.2,7490
2016,23315,20,60.1,1.0,5990
2016,28386,20,61.4,1.0,6110
2016,19390,20,60.1,1.0,6130
2016,48155,235,42.2,2.2,17690
2016,20934,30,56.5,1.2,7760
2019,9130,145,44.1,1.0,13990
2019,3961,145,41.5,1.4,14640
2019,1247,145,45.6,1.0,14990
2017,18036,145,57.7,1.2,7740
2019,1027,145,46.3,1.2,11990
2019,199,145,34.9,1.6,21490
2016,51846,30,61.7,1.7,10870
2016,48868,30,61.7,1.7,10500
2014,36818,30,57.6,1.2,5498
2019,10003,150,50.4,1.6,24000
2018,9424,150,34.9,1.6,18000
2018,18856,150,38.7,1.6,16995
2018,32383,145,28.0,2.5,15995
2018,24905,140,78.5,1.6,14698
2016,3778,125,57.6,1.7,13798
2019,18101,150,60.1,1.0,8298
2017,38319,150,61.7,1.7,12798
2018,18478,140,78.5,1.6,16498
2014,49854,30,57.6,1.2,4498
2017,6264,165,45.6,1.4,10498
2018,14830,145,60.1,1.0,7998
2018,12223,145,57.7,1.0,9498
2018,14319,145,57.7,1.0,9498
2015,38279,0,78.4,1.6,7498
2018,21642,145,61.7,1.7,12698
2017,18062,145,57.6,1.7,15498
2014,82203,145,53.3,1.7,6881
2015,46142,0,78.4,1.6,7520
2017,41103,160,44.8,1.6,11360
2017,24533,145,58.9,1.2,8000
2017,24879,145,60.1,1.0,7400
2016,37721,20,60.1,1.0,6000
2016,15053,30,55.4,1.2,9450
2017,22798,30,61.7,1.7,15490
2016,6603,20,60.1,1.0,7000
2018,8847,145,44.1,1.0,14750
2016,14996,125,57.6,1.7,14500
2016,8648,125,50.4,1.4,8995
2017,13997,145,60.1,1.0,6650
2015,29861,30,55.4,1.2,6650
2019,4131,145,44.1,1.0,14490
2015,25686,20,72.4,1.6,9250
2016,22654,30,55.4,1.2,7990
2016,17166,30,57.6,1.2,7595
2017,26697,145,61.4,1.7,14990
2017,36571,30,61.7,1.7,10998
2015,36831,125,56.5,1.7,10498
2018,23252,135,78.5,1.6,16498
2017,25661,30,61.7,1.7,12298
2019,6483,145,31.7,2.5,20498
2017,36432,150,54.3,2.0,17650
2019,6013,150,34.9,1.6,19500
2019,14147,150,34.9,1.6,16500
2017,23546,30,61.7,1.7,15500
2014,40650,30,57.6,1.2,6000
2017,27409,30,58.9,1.2,8495
2018,10268,150,57.7,1.2,9000
2016,45910,200,47.9,2.0,12700
2018,33762,150,56.5,1.0,11000
2016,21344,145,47.9,1.2,8250
2015,37750,145,47.1,1.4,8000
2017,12536,145,64.2,1.6,9500
2016,14646,30,58.9,1.2,8300
2019,3933,145,44.1,1.0,15500
2014,21359,30,57.6,1.2,6000
2017,7525,145,57.6,1.7,15200
2016,18688,30,61.7,1.7,13990
2018,21802,150,52.3,1.4,11671
2018,3138,135,78.5,1.6,18498
2017,8314,160,43.5,1.6,9998
2019,2526,135,78.5,1.6,18998
2016,31796,0,78.4,1.6,8798
2017,29673,145,57.7,1.2,6750
2016,34812,235,42.2,2.2,18680
2018,28433,145,52.3,1.0,12395
2017,7546,145,57.7,1.2,8250
2016,27497,30,55.4,1.2,7750
2015,18050,20,61.4,1.0,6750
2015,28700,260,42.2,2.2,19000
2018,18000,150,62.8,1.0,9500
2015,24610,205,43.6,1.6,8500
2018,13976,150,58.9,1.2,10000
2017,14440,150,52.3,1.4,11500
2017,16483,30,57.7,1.2,7500
2019,12120,150,46.3,1.2,11000
2016,32223,240,42.2,2.2,19000
2015,26247,0,78.4,1.6,7250
2015,40700,30,55.4,1.2,6500
2014,31946,30,57.6,1.2,5500
2016,21473,150,47.9,1.2,8000
2017,43912,135,78.5,1.6,14500
2018,20555,145,52.3,1.0,11750
2017,12543,145,38.7,1.6,16500
2016,25237,30,61.7,1.7,14000
2013,45615,20,61.4,1.2,3750
2018,9884,150,44.1,1.0,13500
2017,12536,145,47.9,1.2,11000
2018,17624,145,65.7,1.0,10250
2015,47900,30,55.4,1.2,6500
2016,16205,30,57.6,1.2,7280
2019,9739,150,39.2,2.2,32380
2017,16001,140,78.5,1.6,14790
2019,6811,150,44.1,1.0,14974
2016,36510,125,58.9,2.0,13480
2019,9733,150,35.8,1.6,23880
2016,27458,30,56.5,1.2,7290
2016,38000,30,61.7,1.7,11750
2018,16337,150,74.3,1.6,11750
2020,484,150,55.4,1.2,12000
2018,15459,150,52.3,1.0,12500
2019,9023,150,57.6,1.2,9000
2017,7941,165,43.5,1.6,10500
2020,1458,150,53.3,1.0,13290
2018,37439,135,78.5,1.6,14000
2019,2238,145,49.6,1.0,9280
2017,3379,20,60.1,1.0,7500
2019,14778,145,39.8,2.2,28995
2018,9884,145,44.1,1.0,13500
2015,29590,0,78.4,1.6,8500
2018,11421,145,44.1,1.0,15000
2016,25233,30,61.7,1.7,14995
2019,2128,145,47.9,1.0,11480
2017,15824,145,48.7,1.4,9690
2017,24890,145,47.9,1.2,8490
2019,4566,145,42.2,2.2,26290
2019,1486,135,52.3,1.6,23290
2016,16309,30,57.6,1.2,6500
2019,10458,145,46.3,1.2,10500
2019,3393,145,47.1,1.6,23490
2019,1824,145,49.6,1.0,9290
2017,34492,145,37.7,2.5,14000
2019,9995,145,57.6,1.2,9000
2019,9367,145,60.1,1.0,8000
2019,1200,145,31.7,2.5,23995
2018,35845,145,33.6,2.5,14500
2018,34000,145,47.1,2.2,18000
2019,14188,145,46.3,1.2,10000
2018,35757,145,28.0,2.5,16990
2017,31458,145,57.7,1.2,7000
2018,30229,145,47.1,2.2,19000
2015,48458,30,55.4,1.2,6790
2019,4952,145,42.2,1.4,17590
2019,3469,145,40.4,2.0,26000
2016,27458,200,46.3,2.0,15990
2019,2765,145,34.9,1.6,21990
2017,36459,150,46.3,2.0,14990
2018,4856,150,47.9,1.0,11390
2017,19542,0,78.5,1.6,16000
2018,7785,145,60.1,1.0,7500
2014,43482,20,60.1,1.0,5000
2018,24040,145,57.7,1.2,7250
2019,1790,150,34.0,2.0,23000
2017,17177,30,61.7,1.7,16000
2016,40601,200,47.1,2.0,13250
2017,39608,200,47.1,2.2,18500
2018,12364,145,74.3,1.6,11250
2018,27742,135,78.5,1.6,16000
2016,34599,30,55.4,1.2,6980
2020,1764,145,50.4,1.6,23980
2020,2083,145,44.1,1.4,19890
2020,2196,145,39.2,2.2,35980
2017,25000,145,60.1,1.0,7995
2016,11500,20,61.4,1.0,6995
2015,12500,30,57.6,1.2,6995
2016,16500,145,47.9,1.2,8495
2018,16500,145,52.3,1.0,16995
2015,37500,200,43.6,1.6,7995
2016,27000,30,58.9,1.2,8495
2019,5000,145,39.8,2.2,36495
2017,30367,145,57.7,1.2,7000
2018,32730,145,28.0,2.5,16990
2017,11333,145,61.4,1.7,16290
2017,19116,145,60.1,1.0,6290
2019,2544,135,62.8,1.6,22000
2016,53753,30,61.7,1.7,12495
2017,42057,145,70.6,1.0,6498
2016,21240,30,61.7,1.7,11498
2017,19750,145,57.7,1.2,7995
2020,793,145,56.5,1.0,11980
2020,539,145,55.4,1.2,12980
2017,35406,235,42.8,2.2,19770
2019,2251,145,40.9,2.2,32280
2017,8970,145,47.9,1.2,10280
2017,14500,145,60.1,1.0,7495
2016,51500,30,64.2,1.6,8995
2016,40500,235,43.5,2.0,17995
2015,16000,30,57.6,1.2,5995
2019,50,145,44.1,1.0,19995
2020,500,145,56.5,1.0,12495
2016,24500,30,58.9,1.2,7995
2017,15500,20,62.8,1.0,9995
2017,35500,145,62.8,1.0,8995
2019,6000,145,60.1,1.0,12995
2017,34945,30,58.9,1.2,7995
2016,65000,145,54.3,2.0,14093
2016,34504,30,65.7,1.7,11094
2018,25000,150,55.4,1.2,8681
2019,357,145,34.5,1.6,14062
2016,13302,160,43.5,1.6,8991
2018,32331,145,57.7,1.2,6795
2017,6500,145,57.7,1.2,7495
2018,5000,145,58.9,1.2,10995
2019,100,145,39.8,2.2,36995
2016,29650,30,57.6,1.2,6695
2019,1000,145,50.4,1.6,26995
2019,5000,145,47.9,1.0,14195
2016,20500,20,61.4,1.0,6495
2019,50,145,34.0,2.0,25995
2015,29000,125,50.4,1.4,7495
2016,29000,30,57.6,1.2,6995
2017,17500,30,57.7,1.2,7695
2017,19500,145,57.6,1.2,7495
2014,62500,30,57.6,1.2,5495
2016,13500,30,57.6,1.2,6995
2014,60500,260,41.5,2.2,14995
2015,8500,30,57.6,1.2,6495
2017,2924,145,56.5,1.0,12495
2018,12531,145,43.5,2.0,22995
2016,33500,30,61.7,1.7,12495
2019,50,145,36.2,1.6,23995
2016,37000,0,78.4,1.6,9495
2017,300,145,52.3,1.4,13495
2014,34500,160,46.3,1.4,6995
2020,985,150,39.2,2.2,36990
2020,1958,150,56.5,1.0,12190
2020,1958,150,46.3,1.2,11990
2020,1458,150,44.8,1.0,14490
2016,38756,125,50.4,1.4,7240
2018,5921,145,47.9,1.0,11030
2017,18386,30,61.7,1.7,14498
2016,18397,30,61.7,1.7,11950
2015,22653,145,48.7,1.4,8991
2016,37027,30,56.5,1.2,6890
2017,14640,125,57.6,1.7,14710
2017,15687,125,50.4,1.4,8798
2016,29019,160,44.8,1.6,10798
2018,12443,145,44.1,1.0,13998
2016,39703,20,67.3,1.7,8270
2019,101,145,34.9,1.6,21490
2017,14931,145,60.1,1.0,6991
2018,10344,145,34.0,1.6,18500
2014,72986,0,76.3,1.6,5631
2014,46000,265,41.5,2.2,14791
2015,47500,0,78.4,1.6,7695
2017,32259,145,57.7,1.2,7495
2014,22084,30,57.6,1.2,5995
2016,61554,125,60.1,1.7,8770
2015,46573,145,53.3,1.7,8420
2017,7673,125,50.4,1.4,9998
2018,9031,150,57.7,1.2,8500
2016,39289,125,50.4,1.4,8000
2016,32182,30,58.9,1.2,7250
2016,30771,30,61.7,1.7,12750
2018,18382,145,57.7,1.2,8750
2017,41846,145,44.8,1.6,11350
2018,9292,145,57.6,1.7,16000
2019,7919,145,39.2,2.2,31500
2016,17740,0,65.7,1.0,8000
2018,9990,150,57.6,1.2,9000
2016,36242,125,50.4,1.4,7798
2017,21615,235,42.8,2.2,17998
2019,8491,145,31.7,2.5,19798
2015,48823,165,44.1,1.6,8498
2018,8513,140,78.5,1.6,14998
2017,2375,150,60.1,1.0,7498
2013,64500,20,61.4,1.2,3790
2019,14568,150,46.3,1.2,10500
2018,15124,150,56.5,1.0,11000
2018,8523,145,45.6,1.6,21000
2017,19366,150,55.4,1.2,8500
2018,18575,150,58.9,1.2,8500
2015,45908,200,43.6,1.6,6750
2016,11257,235,37.7,1.6,17000
2018,19151,145,42.2,1.6,17750
2018,20318,145,47.1,2.2,20000
2019,3815,145,60.1,1.0,8500
2016,21619,30,57.6,1.2,7000
2017,18000,330,33.6,2.5,15499
2017,8564,145,64.2,1.6,8199
2019,10999,135,78.5,1.6,19970
2018,7182,145,46.3,1.2,9770
2019,2000,145,39.8,2.2,32000
2015,13425,30,57.6,1.2,6750
2017,24286,150,58.9,1.2,8000
2015,26227,150,47.9,1.2,7500
2017,16700,150,58.9,1.0,9750
2016,13396,240,43.5,2.0,15250
2019,17835,145,39.8,2.2,28500
2017,28076,145,57.7,1.2,7500
2016,27542,30,61.7,1.7,11499
2016,30165,30,55.4,1.2,7551
2016,25897,30,61.7,1.7,12495
2017,34945,30,58.9,1.2,7995
2016,34504,30,65.7,1.7,11695
2016,69332,145,54.3,2.0,13292
2016,51600,0,78.5,1.6,13995
2015,51605,0,76.3,1.6,5750
2014,57675,145,53.3,1.7,7530
2014,66031,200,47.1,1.7,7700
2018,6669,145,46.3,1.2,9870
2019,11994,145,36.2,1.6,19970
2017,12287,160,44.8,1.6,13970
2019,16709,145,57.6,1.2,9970
2018,16314,145,44.8,1.6,14770
2017,31470,200,46.3,2.0,15270
2018,4256,145,55.4,1.2,11000
2018,10164,145,60.1,1.0,7900
2017,17120,145,47.9,1.2,9500
2018,6394,145,49.6,1.0,12500
2016,4210,165,43.5,1.6,9500
2016,41955,150,48.7,1.4,8500
2017,22981,145,61.7,1.7,12498
2017,33164,125,57.6,1.7,13495
2017,9140,160,44.8,1.6,11800
2016,20347,125,50.4,1.4,7327
2017,20967,145,50.4,1.4,8340
2013,35954,150,45.6,1.4,5498
2017,52586,145,74.3,1.6,9298
2016,32572,145,48.7,1.4,8698
2016,36084,30,65.7,1.7,10491
2016,33322,20,62.8,1.0,7821
2015,11468,125,51.4,1.4,8995
2017,21260,145,72.4,1.4,8295
2017,18747,135,78.5,1.6,15470
2016,20296,0,78.5,1.6,14270
2018,13018,145,42.8,2.2,22270
2018,13533,145,44.1,1.0,13470
2019,3826,145,47.9,1.0,10970
2019,2884,145,47.9,1.0,10970
2019,4491,145,47.9,1.0,10970
2019,8862,135,62.8,1.6,19970
2017,17864,145,55.4,1.2,9370
2018,23091,145,44.8,1.6,13690
2013,72205,145,53.3,1.7,6990
2015,36188,30,57.6,1.2,6995
2017,23000,145,57.7,1.2,8495
2016,14959,30,57.6,1.2,6995
2020,6073,145,39.2,2.2,36495
2018,8700,145,47.1,1.6,19894
2019,100,145,31.7,2.5,24995
2017,33834,145,57.7,1.2,6795
2016,41691,30,64.2,1.6,6995
2016,15507,125,58.9,2.0,16995
2015,25411,30,57.6,1.2,6079
2017,47170,125,57.6,1.7,12991
2017,16069,145,61.4,1.0,9991
2018,7781,145,47.1,2.2,20250
2016,31441,125,57.6,1.7,14495
2018,7372,145,60.1,1.0,8495
2018,35876,135,78.5,1.6,13995
2019,100,145,49.6,1.0,10890
2018,12447,145,60.1,1.0,7495
2019,100,145,35.3,1.6,20990
2019,100,145,35.3,1.6,20990
2019,50,145,49.6,1.0,10790
2018,31917,145,33.6,2.5,15795
2019,9567,145,44.1,1.0,15995
2017,13817,145,50.4,1.4,9695
2016,28500,125,50.4,1.4,8189
2015,8537,145,47.9,1.2,8695
2019,2250,145,47.9,1.6,26495
2016,19999,125,50.4,1.4,8399
2017,32716,145,57.7,1.2,6798
2016,4859,160,44.8,1.6,16995
2019,3210,145,48.7,1.6,25490
2019,15492,145,31.7,2.5,18990
2019,9187,145,44.1,1.0,15390
2019,13675,150,39.8,2.2,31390
2015,30782,20,72.4,1.6,9290
2019,2000,150,44.1,1.0,19990
2019,198,145,49.6,1.0,10290
2019,100,145,48.7,2.2,13990
2019,50,145,35.3,1.6,19990
2019,100,145,60.1,1.0,9190
2019,50,145,44.1,1.0,16390
2019,50,145,44.1,1.0,16390
2015,24305,30,64.2,1.6,7190
2017,5473,145,60.1,1.0,7990
2019,16373,145,34.9,1.6,15498
2018,13546,145,46.3,1.2,9998
2019,101,145,34.9,1.6,21490
2017,19302,145,62.8,1.0,8980
2017,25884,145,60.1,1.0,6881
2014,8896,20,60.1,1.0,6630
2017,12245,150,50.4,1.4,10000
2015,46045,265,42.2,2.2,16990
2017,12115,150,60.1,1.0,7390
2016,46759,150,54.3,2.0,14990
2017,23690,140,78.5,1.6,15290
2017,12351,145,60.1,1.0,7290
2019,50,145,49.6,1.0,10290
2017,30351,145,60.1,1.0,6290
2019,50,145,49.6,1.0,10290
2019,4304,145,48.7,1.6,20990
2019,50,145,49.6,1.0,10790
2019,100,145,35.3,1.6,20990
2019,100,145,35.3,1.6,20990
2017,35073,150,78.4,1.6,8490
2016,20063,125,50.4,1.4,8790
2016,15550,205,47.1,2.0,17790
2017,20018,30,61.4,1.7,15490
2015,26061,30,55.4,1.2,7446
2015,85614,150,54.3,1.7,7485
2017,40261,145,57.7,1.2,6498
2017,33267,145,57.7,1.2,6798
2017,41592,145,60.1,1.0,6298
2017,17470,145,57.7,1.2,8990
2017,17921,145,56.5,1.0,10290
2019,20189,150,44.1,1.0,14470
2017,26238,125,57.6,1.7,15270
2017,27095,150,78.4,1.6,8250
2017,19971,30,57.7,1.2,8490
2017,48499,150,74.3,1.6,9990
2018,3611,150,60.1,1.0,8490
2019,4235,140,52.3,1.6,20990
2017,38249,140,78.5,1.6,12990
2018,3792,145,46.3,1.2,11795
2013,19729,30,57.6,1.2,5790
2015,12042,20,61.4,1.0,5499
2017,15326,145,65.7,1.7,10277
2017,32769,145,74.3,1.6,10120
2016,30283,300,37.7,2.5,13990
2016,23992,30,61.7,1.7,13490
2017,42005,145,60.1,1.0,5590
2017,31801,30,57.7,1.2,7490
2014,29872,30,57.6,1.2,5990
2017,30834,125,50.4,1.4,8990
2015,54000,265,42.2,2.2,14500
2019,222,145,42.2,1.4,18990
2016,30581,30,61.7,1.7,12570
2018,9711,150,44.1,1.0,13970
2018,22780,150,52.3,1.4,12970
2016,35794,205,46.3,2.0,15270
2017,14799,150,67.3,1.7,11470
2019,6305,150,47.9,1.0,11470
2019,3000,150,44.8,1.4,17970
2019,1000,150,34.0,2.0,26970
2019,2946,145,46.3,1.2,12090
2019,6245,145,47.9,1.0,12395
2014,62300,205,41.5,1.6,7790
2018,16874,150,57.7,1.2,9750
2017,18679,30,61.7,1.7,12395
2019,17568,150,39.8,2.2,35490
2019,50,145,49.6,1.0,10890
2016,47613,20,67.3,1.7,8490
2015,19645,30,57.6,1.2,6190
2017,11651,135,78.5,1.6,16290
2017,12583,145,57.7,1.2,8495
2018,8083,145,60.1,1.0,8000
2019,8086,145,37.7,1.6,21990
2017,19996,30,61.4,1.7,15990
2018,32228,135,78.5,1.6,15490
2018,29890,145,39.8,1.6,16990
2019,3269,145,60.1,1.0,8490
2017,14923,145,62.8,1.0,8990
2017,9903,30,55.4,1.2,9990
2014,24394,30,57.6,1.2,5990
2017,17170,30,57.7,1.2,7990
2017,7525,30,57.7,1.2,8490
2019,4565,150,46.3,1.2,11490
2016,27923,205,47.9,2.0,16990
2017,22172,150,67.3,1.7,9490
2020,3140,140,62.8,1.6,20990
2016,23340,20,60.1,1.0,5290
2017,37505,145,58.9,1.2,7795
2018,6018,145,60.1,1.0,8795
2017,10193,145,60.1,1.0,6995
2018,10569,145,52.3,1.0,12695
2016,30456,30,57.6,1.2,6995
2017,26154,145,60.1,1.0,6220
2016,11562,20,60.1,1.0,6270
2017,16165,20,60.1,1.0,7250
2019,6220,150,48.7,1.6,19000
2019,3052,145,60.1,1.0,10490
2019,2328,145,49.6,1.0,10490
2019,1848,145,34.0,2.0,25490
2019,1101,145,49.6,1.0,10490
2019,9777,145,50.4,1.6,24990
2019,2899,145,34.9,1.6,22990
2017,13330,145,57.7,1.2,8990
2017,30370,150,60.1,1.0,5725
2017,35640,150,57.7,1.2,7600
2018,20917,150,44.8,1.6,14250
2016,7275,160,43.5,1.6,9995
2017,9760,150,64.2,1.6,8690
2017,9870,125,50.4,1.4,8499
2018,7723,145,57.6,1.7,15999
2017,9654,145,61.7,1.7,13500
2017,13675,145,64.2,1.6,8750
2018,12544,145,57.7,1.2,7500
2018,8435,145,44.1,1.0,14750
2019,3400,145,49.6,1.6,19199
2017,17531,20,60.1,1.0,7350
2018,9031,145,57.7,1.2,8500
2019,14587,145,44.1,1.0,15000
2019,14674,145,31.7,2.5,19000
2015,44929,0,78.4,1.6,7331
2017,16964,145,61.4,1.7,15732
2018,37653,150,60.1,1.7,13491
2018,7594,145,60.1,1.0,7995
2017,20940,125,57.6,1.7,14995
2018,7006,145,57.7,1.2,9995
2018,11901,145,60.1,1.0,8295
2019,29986,150,35.8,1.6,20991
2014,52236,205,46.3,2.2,13991
2016,31789,30,61.7,1.7,10776
2013,62921,20,61.4,1.2,3500
2016,26000,125,58.9,2.0,15000
2018,9328,150,50.4,1.4,10500
2017,29458,200,47.1,2.2,17991
2016,21017,20,62.8,1.0,8491
2017,3283,160,45.6,1.4,10700
2017,17007,145,65.7,1.0,9000
2017,13675,145,64.2,1.6,8750
2018,9031,145,57.7,1.2,8500
2016,16228,20,62.8,1.0,9299
2017,19366,125,58.9,2.0,17500
2018,10858,145,60.1,1.0,7400
2018,35401,145,34.0,1.6,18000
2019,2479,135,78.5,1.6,21000
2019,10567,145,60.1,1.0,8750
2016,21619,30,57.6,1.2,7500
2017,17531,20,60.1,1.0,7350
2018,2307,145,60.1,1.0,8700
2019,8259,145,34.0,2.0,21999
2017,6200,145,60.1,1.0,7995
2018,20953,150,72.4,1.4,7991
2018,10348,150,46.3,1.2,10491
2014,22632,145,53.3,1.7,8990
2017,27640,20,60.1,1.0,7000
2017,11938,145,60.1,1.0,7600
2019,8178,150,38.2,1.6,16250
2018,13406,150,56.5,1.0,11000
2013,23186,20,61.4,1.2,4490
2020,1300,150,34.0,2.0,26990
2018,20414,145,52.3,1.0,12394
2015,53825,0,78.4,1.6,6981
2018,19495,145,61.7,1.7,14291
2020,37,145,44.8,1.0,19995
2016,15362,20,60.1,1.0,6491
2017,39530,30,61.7,1.7,14291
2020,10,145,39.2,2.2,43995
2017,23768,145,60.1,1.0,6991
2013,25919,20,61.4,1.2,4500
2017,12185,145,61.7,1.7,14000
2019,14098,145,44.1,1.0,14750
2019,2810,135,78.5,1.6,20400
2017,25172,145,58.9,2.0,17800
2016,53962,30,61.7,1.7,12000
2015,21000,240,43.5,2.0,16750
2018,9140,150,57.7,1.2,8750
2018,16856,150,56.5,1.0,11000
2016,34292,150,53.3,1.7,9500
2017,15526,150,47.9,1.2,8500
2016,22686,145,54.3,2.0,16500
2017,17772,145,58.9,1.2,8291
2017,31686,145,57.7,1.2,6491
2019,2801,135,78.5,1.6,18491
2017,19349,145,54.3,2.0,16991
2017,32582,30,58.9,1.2,7999
2017,37532,145,58.9,1.2,7999
2017,21640,150,68.9,1.4,8990
2016,12894,30,61.7,1.7,13998
2018,25784,145,52.3,1.0,11998
2015,50746,145,48.7,1.4,7698
2018,4029,135,78.5,1.6,17998
2019,6879,145,41.5,1.4,14998
2017,37441,30,61.7,1.7,11000
2017,37173,145,61.7,1.7,12400
2017,20979,145,60.1,1.0,6890
2018,33587,145,28.0,2.5,16990
2019,25,145,49.6,1.0,10490
2017,20529,145,57.6,1.7,15500
2017,13470,125,57.6,1.7,15500
2016,15828,20,60.1,1.0,6800
2013,34655,20,61.4,1.2,3750
2017,8129,20,60.1,1.0,7200
2018,10647,145,44.1,1.0,13500
2019,5299,145,39.8,2.2,29690
2017,26111,145,54.3,2.0,17490
2014,19422,30,57.6,1.2,5798
2017,18624,30,61.7,1.7,12698
2017,37578,150,57.6,1.7,13998
2015,37360,30,55.4,1.2,6610
2017,32360,145,57.7,1.2,6230
2017,12520,145,61.7,1.7,13690
2017,21594,165,44.8,1.6,12280
2018,30342,145,58.9,2.0,14890
2018,33026,145,57.7,1.7,17190
2018,32082,145,57.7,1.7,17190
2017,9207,145,55.4,1.2,8982
2016,57535,30,61.7,1.7,10222
2019,2041,140,52.3,1.6,20000
2019,25,145,49.6,1.0,9990
2016,44007,30,55.4,1.2,6890
2018,10500,145,39.8,2.2,28490
2017,9966,145,57.7,1.2,8690
2017,44473,145,54.3,2.0,15890
2017,34559,145,58.9,2.0,13690
2015,20660,30,65.7,1.7,10690
2019,10391,135,78.5,1.6,18600
2018,35400,145,57.7,1.7,17190
2016,49000,200,47.9,2.0,15790
2019,14329,150,31.7,2.5,18490
2019,2811,150,49.6,1.0,9290
2020,1136,150,56.5,1.0,12490
2017,21390,150,61.4,1.7,15890
2019,3000,145,60.1,1.6,15490
2016,51236,20,72.4,1.6,7500
2016,31026,0,78.4,1.6,8322
2019,1533,135,78.5,1.6,16990
2019,6000,145,47.9,1.2,10991
2018,16281,145,60.1,1.0,7491
2020,133,150,34.9,1.6,26995
2020,146,150,48.7,1.6,27995
2020,1622,150,34.0,2.0,27995
2019,2034,150,47.9,1.2,13495
2019,10914,150,57.6,1.2,9250
2019,7372,150,46.3,1.2,9000
2015,19900,125,51.4,1.4,7799
2013,37570,20,61.4,1.2,4499
2015,40784,20,60.1,1.0,5999
2017,37241,125,57.6,1.7,14698
2018,5913,145,44.1,1.0,15498
2016,48859,300,37.7,2.5,13695
2016,18093,30,61.7,1.7,14200
2018,4188,145,48.7,1.6,18000
2018,15850,135,78.5,1.6,18000
2019,4541,135,78.5,1.6,20000
2018,13406,145,56.5,1.0,11000
2015,27130,30,55.4,1.2,7000
2017,35470,145,57.7,1.2,7500
2017,22795,30,57.7,1.2,7500
2019,14587,145,44.1,1.0,15000
2018,12544,145,57.7,1.2,7750
2017,28076,145,57.7,1.2,7500
2017,13506,20,60.1,1.0,7000
2016,22431,30,55.4,1.2,7900
2013,60790,205,47.1,1.7,6750
2013,65563,150,47.1,1.4,5500
2016,18210,125,58.9,2.0,17298
2019,13145,145,44.1,1.0,14998
2015,56525,30,61.7,1.7,10398
2017,38588,30,56.5,1.0,9995
2019,7386,135,256.8,1.6,19995
2018,10605,145,60.1,1.0,8000
2019,4346,145,44.1,1.0,15490
2019,6648,145,50.4,1.6,26990
2017,30326,145,57.7,1.7,17200
2016,16174,125,57.6,1.7,16000
2016,20710,0,78.4,1.6,8390
2015,41590,125,51.4,1.4,7890
2015,62013,20,60.1,1.0,4590
2014,37000,160,51.4,1.6,7295
2016,11000,145,47.9,1.2,7995
2017,30446,145,57.7,1.2,6999
2018,15272,145,34.9,1.6,14670
2019,3580,145,39.8,2.2,33970
2017,21207,20,60.1,1.0,6870
2019,14674,145,31.7,2.5,18500
2018,31222,150,57.7,1.7,16990
2018,23401,150,44.8,1.6,13990
2017,27884,30,57.6,1.2,6530
2018,4309,150,55.4,1.2,11000
2017,14725,20,60.1,1.0,7000
2018,17800,150,45.6,1.0,11000
2017,26306,205,47.1,2.2,19500
2016,19398,30,58.9,1.2,8000
2015,53441,30,62.8,1.7,8000
2018,11282,150,52.3,1.0,16000
2019,100,145,49.6,1.0,10490
2017,30347,145,57.7,1.2,6999
2014,48701,30,57.6,1.2,4999
2017,26987,125,50.4,1.4,8900
2016,15850,20,72.4,1.6,10270
2019,5,145,49.6,1.0,10220
2019,100,145,49.6,1.0,10220
2019,100,145,49.6,1.0,10220
2019,9500,135,52.3,1.6,23970
2017,10330,30,61.7,1.7,15270
2018,8337,145,57.6,1.2,9770
2019,21,150,34.0,2.0,23500
2018,6740,145,60.1,1.0,8290
2015,26541,30,57.6,1.2,5990
2019,1600,145,34.0,2.0,24990
2019,12760,145,57.6,1.2,8290
2019,11427,145,60.1,1.0,7990
2017,18295,145,38.7,1.6,16990
2018,5703,145,60.1,1.0,7690
2018,10173,145,60.1,1.0,7690
2018,27317,145,52.3,1.0,14990
2018,7552,145,57.7,1.2,8490
2018,7753,145,57.7,1.2,8490
2015,14566,20,60.1,1.0,5885
2015,54063,0,78.4,1.6,6990
2016,41374,30,61.7,1.7,12495
2017,17417,30,61.7,1.7,12995
2017,18281,30,55.4,1.2,8500
2016,47347,125,57.6,1.7,16401
2018,33173,145,37.7,2.5,15499
2018,8764,145,44.1,1.0,15445
2017,31538,145,58.9,1.2,8000
2018,13139,145,46.3,1.6,22000
2016,15589,125,57.6,1.7,14500
2017,12717,145,60.1,1.0,7500
2017,11938,145,60.1,1.0,7745
2017,25103,145,58.9,1.2,7989
2018,12721,145,52.3,1.4,12989
2019,5496,150,34.0,2.0,23000
2018,30001,145,57.7,1.2,7000
2018,32652,145,57.7,1.7,16800
2018,34362,145,57.7,1.7,16900
2016,11653,125,57.6,1.7,14500
2018,17287,145,61.7,1.7,14400
2017,21189,145,55.4,1.2,7490
2016,17784,30,55.4,1.2,7290
2017,14709,135,78.5,1.6,15325
2019,2000,145,49.6,1.0,9295
2019,2000,145,49.6,1.0,9295
2019,2000,145,49.6,1.0,9295
2019,2000,145,49.6,1.0,9295
2018,18135,145,57.7,1.2,8995
2017,13600,30,55.4,1.2,8990
2019,15251,150,46.3,1.2,9990
2018,25148,145,44.8,1.6,13399
2017,13943,145,61.7,1.7,13997
2018,22964,145,46.3,1.2,9989
2018,12603,145,60.1,1.0,6789
2019,2122,145,42.2,1.4,18989
2019,10,145,44.1,1.0,19989
2019,10,145,35.8,1.6,27989
2019,10,145,49.6,1.0,9989
2019,10,145,37.7,1.6,22989
2019,2122,145,34.5,1.6,14989
2016,30562,20,62.8,1.0,7989
2015,57781,30,57.6,1.2,5989
2018,54876,140,78.5,1.6,13989
2017,8786,30,57.7,1.2,8989
2017,13625,20,60.1,1.0,6989
2018,33999,145,33.6,2.5,15995
2018,8239,145,60.1,1.0,7990
2019,15391,145,44.1,1.0,14290
2019,9616,145,36.2,1.6,17990
2019,6692,145,36.2,1.6,18290
2019,11816,135,78.5,1.6,18990
2016,50820,20,67.3,1.7,8791
2019,2626,145,36.2,1.6,21891
2015,43439,160,51.4,2.0,9991
2018,33113,145,31.7,2.5,16280
2016,53917,30,61.7,1.7,9580
2013,49180,305,39.2,2.0,8471
2019,4900,145,48.7,1.6,19489
2016,53182,20,60.1,1.0,5489
2017,20945,145,60.1,1.0,6989
2019,4426,145,47.9,1.6,24989
2019,7374,145,47.9,1.6,24989
2019,5222,135,78.5,1.6,22989
2017,20703,145,51.4,1.4,11989
2019,50,145,49.6,1.0,9989
2017,29290,145,57.7,1.2,8789
2017,26991,145,44.8,1.6,13989
2017,15000,125,57.6,1.7,15995
2017,24367,125,57.6,1.7,13750
2017,23195,125,50.4,1.4,8499
2016,25910,200,47.9,2.0,16995
2015,33153,145,53.3,1.7,8995
2018,21000,145,34.9,1.6,14991
2017,32467,235,42.8,2.2,18991
2016,29217,200,47.9,2.0,17991
2017,34757,150,57.6,1.7,13790
2015,43700,0,78.4,1.6,6992
2018,12045,135,256.8,1.6,18999
2017,21166,20,62.8,1.0,8500
2018,8985,145,57.6,1.2,10000
2017,17666,135,78.5,1.6,15989
2020,25446,135,52.3,1.6,13999
2019,4223,145,39.8,2.2,31995
2018,12666,145,60.1,1.0,7290
2018,12000,150,34.9,1.6,17999
2015,50000,30,55.4,1.2,7999
2018,19496,150,39.8,2.0,21999
2017,31000,145,60.1,1.0,7999
2014,27397,20,60.1,1.0,6000
2017,41617,200,47.9,2.0,16750
2016,27780,30,55.4,1.2,7750
2017,18250,160,43.5,1.6,9500
2015,23760,0,78.4,1.6,7495
2017,30282,145,60.1,1.0,6500
2018,4909,150,50.4,1.4,10250
2016,35329,30,61.7,1.7,12500
2018,16700,145,44.1,1.0,13295
2018,10000,145,46.3,1.2,9999
2019,3123,145,49.6,1.0,8899
2018,21000,145,52.3,1.0,12795
2019,5000,145,44.1,1.0,14399
2017,9812,145,62.8,1.0,10395
2018,4200,145,46.3,1.2,10399
2017,39620,145,61.4,1.7,15795
2020,7000,135,52.3,1.6,15399
2017,5600,20,60.1,1.0,7695
2019,6000,145,40.4,2.0,26439
2018,3600,145,65.7,1.0,9699
2017,28964,30,61.7,1.7,21599
2016,19000,20,60.1,1.0,7499
2017,11000,150,60.1,1.0,8499
2018,14000,150,44.1,1.0,16499
2018,8000,150,60.1,1.0,9499
2017,12988,20,60.1,1.0,7990
2017,20305,30,58.9,1.2,7995
2016,24146,0,78.4,1.6,8495
2016,19500,125,58.9,2.0,15797
2018,26405,145,47.9,1.2,9000
2017,41429,145,42.8,2.2,18894
2015,50047,0,78.4,1.6,6990
2016,29750,20,58.9,1.0,8500
2018,4896,150,52.3,1.0,14000
2019,14844,145,34.9,1.6,15498
2018,14791,145,54.3,1.0,11498
2017,23487,125,57.6,1.7,14798
2017,24107,30,61.7,1.7,13998
2017,29889,145,60.1,1.0,7259
2017,33099,145,60.1,1.0,7259
2017,39990,235,42.8,2.2,17599
2015,49489,200,41.5,1.6,8495
2017,6725,145,60.1,1.0,7849
2016,22109,160,43.5,1.6,8277
2013,46245,145,48.7,1.7,6998
2018,8454,145,60.1,1.0,7495
2017,21107,145,60.1,1.0,7299
2017,35162,150,60.1,1.0,7259
2017,7493,200,47.1,2.2,19691
2018,9521,150,60.1,1.0,6981
2015,41682,20,60.1,1.0,5429
2017,31457,145,47.9,1.2,8899
2018,23000,145,54.3,1.0,11295
2019,9401,145,44.1,1.0,14495
2019,3011,145,49.6,1.0,8895
2018,19407,150,60.1,1.0,7750
2018,14839,150,44.1,1.0,14450
2018,6210,145,34.9,1.6,16500
2018,17496,145,39.2,2.2,29498
2019,1497,145,49.6,1.0,9298
2020,1900,145,56.5,1.0,12495
2019,6209,145,39.2,2.2,33495
2018,18474,145,52.3,1.0,14495
2017,6368,125,50.4,1.4,9698
2017,20385,150,57.6,1.7,16998
2013,50227,150,45.6,1.4,5690
2017,25117,30,61.7,1.7,13995
2018,5145,145,60.1,1.0,7995
2018,20000,145,60.1,1.0,7995
2018,19702,145,60.1,1.0,7995
2018,22089,145,60.1,1.0,7995
2019,1426,145,34.0,2.0,24995
2019,9750,145,50.4,1.6,21995
2019,2875,145,50.4,1.6,27995
2019,2248,145,36.2,1.6,23995
2019,100,145,49.6,1.0,9995
2019,4217,145,60.1,1.0,8495
2019,2475,150,36.2,1.6,22495
2016,42754,20,58.9,1.0,7995
2017,21786,145,60.1,1.0,6995
2018,22875,145,58.9,1.2,8995
2016,58626,30,61.7,1.7,12995
2020,2501,135,62.8,1.6,24995
2019,3200,145,39.8,2.2,30995
2018,20948,145,60.1,1.0,7495
2018,28475,150,57.7,1.2,7695
2019,357,145,44.1,1.0,15995
2019,450,145,49.6,1.0,9995
2019,450,145,49.6,1.0,9995
2019,7214,145,34.0,2.0,23995
2019,100,145,49.6,1.0,9995
2019,2658,145,44.1,1.0,15995
2017,20888,150,58.9,1.0,9190
2015,6380,30,57.6,1.2,7750
2016,20578,200,47.1,2.2,17000
2015,25788,235,38.7,1.6,9600
2015,47588,145,48.7,1.4,7991
2016,29750,20,58.9,1.0,8500
2016,21000,20,60.1,1.0,5910
2018,19758,145,52.3,1.0,15995
2019,4733,145,31.7,2.5,20495
2019,3391,145,34.0,2.0,23995
2018,10124,145,34.9,1.6,15495
2017,13261,145,56.5,1.0,11260
2016,20956,20,60.1,1.0,6195
2015,51641,0,78.4,1.6,6691
2019,5607,145,57.6,1.2,9995
2019,100,145,60.1,1.0,8495
2019,5053,145,44.1,1.0,17295
2018,5657,145,46.3,1.2,10495
2018,100,145,60.1,1.0,7995
2019,2450,145,35.3,1.6,18495
2013,58232,30,65.7,1.7,7191
2017,17421,145,55.4,1.2,7497
2013,12508,145,47.1,1.4,6766
2016,22978,160,43.5,1.6,8998
2016,21037,30,61.7,1.7,12498
2013,74200,165,50.4,1.6,5798
2016,28600,200,42.2,1.4,8495
2016,30000,160,44.8,1.6,10495
2017,11581,145,56.5,1.0,11298
2014,31500,30,57.6,1.2,6000
2017,10587,145,61.7,1.7,13895
2015,12433,125,50.4,1.4,7999
2017,19629,0,78.5,1.6,16000
2016,56765,30,61.7,1.7,11500
2016,13769,125,57.6,1.7,15000
2018,15157,145,39.2,2.2,30500
2019,19231,150,34.9,1.6,15998
2017,38428,150,57.6,1.7,13298
2017,30010,145,60.1,1.0,6798
2017,15783,30,61.7,1.7,13498
2015,47456,160,51.4,2.0,9995
2017,19348,30,61.7,1.7,13735
2014,61243,145,53.3,1.7,7991
2015,27000,125,50.4,1.4,6995
2016,40766,30,61.7,1.7,12795
2019,19266,145,28.0,2.5,20995
2018,31398,145,57.7,1.7,17495
2019,14618,145,34.9,1.6,18995
2019,4587,145,49.6,1.0,9995
2019,4687,145,49.6,1.0,10295
2019,100,145,35.3,1.6,18995
2019,4587,145,49.6,1.0,10295
2019,4587,145,49.6,1.0,9995
2017,11062,0,78.5,1.6,16999
2013,42186,20,61.4,1.2,4120
2014,69059,260,41.5,2.2,11991
2016,33943,200,46.3,2.0,20113
2018,11350,145,57.7,1.2,8450
2018,9616,145,52.3,1.0,13100
2017,38578,145,60.1,1.0,6495
2017,44013,145,60.1,1.0,5995
2018,30397,145,57.7,1.2,7495
2017,47196,145,54.3,2.0,15600
2019,3107,145,44.8,1.4,15450
2019,5386,145,44.1,1.0,17650
2019,32975,140,78.5,1.6,15698
2018,16048,150,57.7,1.2,8995
2017,10500,145,57.7,1.2,7999
2016,48039,325,33.6,2.5,12711
2015,23866,145,54.3,1.7,9691
2016,27516,20,60.1,1.0,6000
2017,37682,30,64.2,1.6,8650
2018,11175,145,57.7,1.2,7850
2018,14682,145,44.1,1.0,13100
2018,25516,150,46.3,1.2,10000
2015,49291,150,53.3,1.7,8498
2017,8465,150,39.8,1.6,17798
2018,1675,135,78.5,1.6,17297
2019,13230,145,44.1,1.0,14750
2020,5,135,62.8,1.6,22995
2019,15,150,34.0,2.0,23997
2017,27473,30,61.7,1.7,12397
2014,44205,260,41.5,2.0,9397
2016,56137,145,54.3,2.0,11797
2017,8305,135,78.5,1.6,15397
2016,32158,20,58.9,1.0,7997
2016,22307,30,56.5,1.2,7297
2017,31125,20,60.1,1.0,6397
2016,29152,30,57.6,1.2,6490
2019,100,145,60.1,1.0,8489
2016,37000,20,61.4,1.0,5991
2017,30891,150,60.1,1.0,7798
2017,27000,150,60.1,1.0,6999
2017,27347,150,43.5,1.6,10499
2017,31474,150,57.6,1.7,14499
2018,4245,145,60.1,1.0,7999
2016,14785,200,46.3,2.2,19797
2017,27585,145,47.9,1.2,8397
2019,8008,150,47.9,1.2,9987
2018,28014,150,52.3,1.4,11197
2013,47602,30,57.6,1.2,4950
2014,23026,30,57.6,1.2,5702
2019,3346,135,78.5,1.6,19897
2018,7096,145,57.7,1.2,7987
2018,12215,145,60.1,1.0,7467
2019,5088,145,42.2,1.4,16797
2019,4989,145,44.1,1.0,14897
2019,15,145,34.9,1.6,17697
2019,5,145,34.9,1.6,17697
2016,20707,160,44.8,1.6,12990
2017,27185,160,43.5,1.6,9690
2017,18772,30,61.7,1.7,14490
2019,1850,145,44.1,1.0,14989
2019,4371,145,40.4,2.0,27989
2019,10686,145,46.3,1.2,11489
2017,22969,145,60.1,1.0,6789
2017,39877,145,60.1,1.0,5789
2017,6787,145,57.7,1.2,8989
2019,3391,145,34.0,2.0,22989
2019,5607,145,57.6,1.2,8489
2016,15085,30,58.9,1.0,9560
2013,73856,160,46.0,1.4,5450
2019,223,145,34.9,1.6,21490
2017,11037,145,60.1,1.0,7500
2019,5308,135,78.5,1.6,21000
2017,24987,30,61.7,1.7,14290
2014,37666,30,64.2,1.6,6190
2018,10293,145,57.6,1.2,8990
2017,20656,30,61.7,1.7,14490
2015,28737,145,48.7,1.4,8490
2015,23043,200,47.1,1.7,10995
2017,18856,30,61.7,1.7,14490
2017,13088,30,57.7,1.2,7500
2018,9934,145,57.7,1.2,8750
2018,9151,145,57.7,1.2,8750
2019,14593,145,34.9,1.6,19000
2018,11651,145,74.3,1.6,11500
2014,21029,30,57.6,1.2,6000
2017,26393,125,58.9,2.0,16750
2016,9952,145,54.3,2.0,16000
2017,24230,160,44.8,1.6,12490
2016,10236,200,47.1,2.2,17790
2018,7727,145,60.1,1.0,9000
2019,12884,150,46.3,1.2,9750
2019,11005,150,57.6,1.2,9250
2018,10429,150,56.5,1.0,11000
2014,47961,30,64.2,1.6,5495
2016,12936,125,50.4,1.4,9495
2017,17630,20,62.8,1.0,8495
2018,13678,145,60.1,1.0,7490
2015,45278,20,60.1,1.0,4990
2017,26570,20,60.1,1.0,5790
2018,4222,145,46.3,1.2,9490
2016,26573,30,61.7,1.7,12990
2018,32157,145,44.1,1.0,14690
2016,39573,200,47.1,2.0,14490
2017,19825,160,43.5,1.6,10290
2019,3066,145,60.1,1.0,8995
2017,7808,30,57.7,1.2,8250
2016,15728,165,43.5,1.6,9750
2018,9533,150,60.1,1.0,8000
2019,4479,150,35.8,1.6,23500
2014,41778,150,53.3,1.7,8500
2018,4650,145,56.5,1.0,11995
2016,34284,200,47.1,2.2,18491
2017,31128,145,43.5,1.6,9795
2019,4459,145,44.1,1.0,16495
2019,1636,145,34.0,2.0,23995
2018,22539,145,60.1,1.0,6995
2019,4967,135,78.5,1.6,16895
2019,10560,145,60.1,1.0,7495
2018,6393,145,60.1,1.0,7495
2017,10500,145,60.1,1.0,7295
2017,36681,145,47.9,1.2,8995
2019,6918,135,78.5,1.6,16995
2019,11133,145,34.9,1.6,15995
2016,25329,30,61.7,1.7,12995
2017,10279,145,50.4,1.4,9795
2019,11695,145,34.9,1.6,16495
2019,2265,145,39.2,2.2,35995
2019,16,145,37.7,1.6,20990
2017,30195,145,60.1,1.0,6295
2019,10385,145,34.9,1.6,19995
2017,11249,30,56.5,1.0,10995
2017,31564,145,47.9,1.2,8495
2018,37902,145,37.7,2.5,14495
2019,4328,135,78.5,1.6,19495
2019,4454,135,78.5,1.6,17995
2018,2191,150,39.8,1.6,17995
2017,10320,30,61.7,1.7,12991
2018,38183,145,57.7,1.7,16040
2017,18539,145,78.4,1.6,10999
2016,53878,20,72.4,1.6,8999
2019,4995,145,39.8,2.2,32750
2018,10465,145,44.8,1.6,14995
2018,39010,145,37.7,2.5,13992
2017,29100,300,37.7,2.5,14777
2015,26499,30,61.7,1.7,11050
2018,18423,145,34.9,1.6,14995
2018,76,145,44.1,1.0,16995
2019,8359,145,34.9,1.6,16995
2017,23372,20,62.8,1.0,9995
2019,2361,145,48.7,1.6,22995
2019,2511,145,42.2,1.4,16995
2019,7865,135,78.5,1.6,23995
2019,2198,145,60.1,1.0,8995
2018,10224,145,57.7,1.2,8295
2015,29900,20,72.4,1.6,8995
2017,13330,30,61.7,1.7,13995
2017,15882,150,52.3,1.4,11990
2018,14427,150,44.8,1.6,14500
2019,9748,145,46.3,1.2,10200
2017,34755,125,57.6,1.7,15991
2017,28979,125,57.6,1.7,14420
2014,18724,20,60.1,1.0,5794
2013,47232,200,48.7,2.0,7776
2018,9545,150,39.8,1.6,18200
2018,9545,150,39.8,1.6,18200
2017,33000,145,57.7,1.2,6950
2017,12689,145,50.4,1.4,9750
2019,15927,145,28.0,2.5,18995
2018,17774,145,56.5,1.0,10575
2018,16500,145,36.2,1.6,17350
2016,17497,20,61.4,1.0,6250
2017,28354,150,46.3,2.0,15490
2016,46164,20,68.9,1.4,6990
2018,19793,145,52.3,1.0,14490
2017,20677,145,58.9,1.0,9990
2018,12492,150,44.8,1.6,14990
2018,12720,150,44.8,1.6,14990
2018,13934,150,44.8,1.6,14500
2019,15139,150,44.1,1.0,14600
2018,12306,140,78.5,1.6,16990
2020,2000,145,60.1,1.0,8990
2019,2738,145,60.1,1.0,8290
2018,29225,150,34.0,2.0,18490
2019,5000,145,34.9,1.6,16990
2018,12668,145,57.7,1.2,8450
2018,34605,145,28.0,2.5,15990
2017,6380,145,50.4,1.4,9490
2019,3750,145,42.2,1.4,17490
2019,2450,145,53.3,1.6,19490
2019,3850,145,37.2,1.6,12490
2018,11446,145,42.2,1.6,18290
2019,10,145,37.7,1.6,22990
2019,3000,145,34.0,2.0,24990
2019,2199,145,39.2,2.2,36990
2019,3000,145,49.6,1.0,8990
2016,52549,30,61.7,1.7,11490
2016,43362,125,57.6,1.7,15990
2019,15644,150,36.2,1.6,17500
2018,19,145,44.1,1.0,16995
2017,14962,145,64.2,1.6,9390
2017,30193,145,60.1,1.0,6490
2016,23552,30,57.6,1.2,7250
2019,9993,145,42.8,2.2,29990
2018,10452,145,44.1,1.0,12490
2018,24239,145,52.3,1.0,13490
2018,18984,145,52.3,1.0,12790
2019,17970,150,34.9,1.6,15790
2018,29700,150,47.9,1.2,9200
2019,14925,145,46.3,1.2,9890
2018,11165,135,78.5,1.6,18799
2018,4500,145,60.1,1.0,7890
2019,13136,150,36.2,1.6,17500
2019,11435,150,46.3,1.2,10990
2018,19,145,44.1,1.0,17495
2017,23679,150,47.1,2.0,18899
2017,9191,125,57.6,1.7,15730
2016,26199,145,48.7,1.4,8417
2017,26596,145,44.8,1.6,13095
2018,38366,145,56.5,1.0,10733
2017,33110,30,61.7,1.7,13700
2017,16570,150,52.3,1.4,11990
2019,508,145,48.7,1.6,18990
2019,4011,145,47.1,1.6,20490
2019,1222,145,49.6,1.0,8990
2018,10167,145,42.2,1.6,18990
2019,3000,145,49.6,1.0,8990
2016,38186,30,64.2,1.6,6990
2018,12964,150,44.8,1.6,14990
2019,5000,150,36.2,1.6,22000
2020,3500,150,44.1,1.0,14990
2018,5357,150,44.1,1.0,14800
2018,10309,150,35.3,1.6,16990
2017,29000,150,61.4,1.7,14795
2017,19000,145,51.4,1.4,11995
2019,7000,145,60.1,1.0,9295
2019,8045,145,51.4,1.6,20990
2019,8009,145,34.9,1.6,17490
2019,7842,145,44.1,1.0,15990
2019,11958,145,34.9,1.6,15799
2019,9337,135,78.5,1.6,17699
2017,18600,30,57.6,1.2,6699
2019,358,145,49.6,1.0,13750
2017,15679,145,61.7,1.7,14499
2018,33943,145,28.0,2.5,16699
2017,8256,125,58.9,2.0,17899
2019,17452,150,36.2,1.6,17490
2018,25968,150,47.9,1.2,8995
2015,29083,125,58.9,2.0,13369
2019,3000,145,46.3,1.2,13290
2018,9001,145,52.3,1.0,15990
2019,4462,145,34.0,2.0,23990
2018,15853,150,50.4,1.4,10690
2015,42692,20,61.4,1.0,5000
2014,42545,30,57.6,1.2,4993
2019,2324,145,50.4,1.6,24990
2019,165,145,37.7,1.6,19990
2019,144,145,37.7,1.6,20990
2018,36501,145,28.0,2.5,17990
2019,12545,145,46.3,1.2,9890
2019,17084,145,46.3,1.2,9699
2019,17516,145,46.3,1.2,9699
2016,39002,145,54.3,2.0,13690
2016,23190,30,61.7,1.7,13990
2016,15047,145,47.9,1.2,7990
2016,33466,0,78.4,1.6,8990
2019,4721,145,39.8,2.2,29290
2019,4765,145,42.2,1.4,17690
2019,4461,145,52.3,1.6,17990
2017,11247,125,57.6,1.7,15999
2018,38984,150,37.7,2.5,14900
2019,14002,150,60.1,1.0,8000
2018,9170,150,57.7,1.2,8650
2019,8195,150,46.3,1.2,10590
2017,20005,140,78.5,1.6,15190
2019,4779,150,36.2,1.6,17850
2018,21368,150,57.6,1.2,8690
2018,15327,145,43.5,2.0,20900
2019,2617,145,50.4,1.6,26490
2017,18440,150,62.8,1.0,8990
2016,33589,20,60.1,1.0,5690
2018,9661,145,60.1,1.0,7040
2015,33830,0,78.4,1.6,7560
2015,22020,30,57.6,1.2,6497
2017,17310,145,61.7,1.7,12490
2017,29880,145,57.7,1.2,7464
2016,53220,125,50.4,1.4,7484
2019,15630,145,36.2,1.6,18100
2019,8651,145,53.3,1.6,17990
2019,8641,145,47.9,1.6,23490
2016,16263,30,55.4,1.2,9999
2019,3103,135,78.5,1.6,21495
2017,20513,135,78.5,1.6,16595
2018,76,145,44.1,1.0,17495
2015,18405,30,57.6,1.2,6899
2019,16295,145,46.3,1.2,9699
2018,30,145,44.1,1.0,17495
2018,18,145,44.1,1.0,17495
2017,27821,20,60.1,1.0,6690
2020,1,145,44.1,1.0,21320
2015,29731,125,50.4,1.4,6890
2014,45616,165,46.0,1.4,7100
2017,10248,145,44.8,1.6,13399
2016,10499,20,60.1,1.0,6699
2019,10035,145,42.8,2.2,30999
2017,5082,145,60.1,1.0,7290
2019,12763,145,34.9,1.6,15799
2019,11435,145,46.3,1.2,12050
2019,17970,145,34.9,1.6,16400
2018,5357,145,44.1,1.0,15850
2019,13084,145,36.2,1.6,17500
2018,34719,145,47.1,2.0,16295
2019,5000,145,47.9,1.0,11450
2019,2000,145,60.1,1.0,9390
2019,50,145,60.1,1.0,9575
2018,5000,145,46.3,1.2,9695
2018,2451,145,60.1,1.0,8190
2018,5000,145,46.3,1.2,9895
2018,9070,145,46.3,1.2,9690
2018,29920,145,52.3,1.0,12500
2020,5000,145,56.5,1.0,12750
2017,18027,145,48.7,1.4,9650
2019,5000,145,47.9,1.0,11495
2019,1,145,39.2,2.2,40365
2020,1,145,46.3,1.2,14400
2019,1,145,34.0,2.0,27800
2018,13303,145,60.1,1.0,7490
2019,2000,135,62.8,1.6,19990
2019,2000,145,50.4,1.6,22750
2020,5000,145,39.2,2.2,36995
2019,5000,145,60.1,1.0,7990
2019,5000,145,60.1,1.0,7990
2018,30210,145,61.4,1.7,15500
2020,5000,145,50.4,1.6,24495
2020,3500,145,34.9,1.6,22750
2019,3500,145,47.1,1.6,24990
2018,31350,145,42.8,2.2,19099
2016,13500,20,60.1,1.0,6650
2017,26711,200,47.1,2.2,19495
2019,6500,135,78.5,1.6,22995
2019,5000,135,52.3,1.6,20500
2019,13076,150,34.9,1.6,15790
2019,3111,145,47.9,1.0,12480
2019,3215,145,49.6,1.0,9380
2019,2951,145,50.4,1.6,22480
2019,2326,145,34.9,1.6,21990
2019,7469,145,50.4,1.6,23480
2019,12206,145,35.3,1.6,14980
2018,7725,135,78.5,1.6,18690
2019,2451,145,42.2,1.4,17790
2019,2812,145,50.4,1.6,21380
2017,24437,145,60.1,1.0,7700
2016,39063,150,47.9,1.2,6700
2017,22173,30,61.7,1.7,13795
2019,25,145,36.2,1.6,20250
2017,16570,145,52.3,1.4,12350
2017,15814,145,52.3,1.4,12400
2018,14427,145,44.8,1.6,15450
2018,12492,145,44.8,1.6,15550
2018,12720,145,44.8,1.6,15500
2018,13915,145,44.8,1.6,15450
2019,15139,145,44.1,1.0,15650
2019,500,145,34.0,2.0,23990
2019,1348,145,47.1,1.6,20875
2019,2562,145,45.6,1.4,14990
2017,15773,145,50.4,1.4,9450
2017,22521,145,56.5,1.0,9995
2017,49081,20,62.8,1.0,7995
2016,18777,30,55.4,1.2,7995
2019,9852,140,78.5,1.6,21995
2016,54325,30,55.4,1.2,6795
2017,12980,150,57.7,1.7,18495
2016,34720,30,55.4,1.2,7495
2015,54076,165,51.4,2.0,9795
2017,40097,150,57.6,1.7,13995
2019,4672,150,44.1,1.0,17495
2015,60230,200,47.9,2.0,13995
2018,37221,135,78.5,1.6,13795
2019,5521,145,34.0,1.6,20495
2019,4412,145,35.3,1.6,17995
2019,6219,145,47.1,1.6,21690
2018,4760,145,48.7,1.6,17495
2019,15511,150,35.8,1.6,22495
2019,13980,145,34.9,1.6,15795
2015,27056,20,60.1,1.0,5495
2018,11779,145,34.9,1.6,17995
2018,8168,145,47.9,1.2,10495
2019,7138,135,62.8,1.6,21995
2017,6987,145,39.8,1.6,17995
2019,11013,145,53.3,1.6,19995
2020,1088,145,39.2,2.2,35995
2020,2310,145,46.3,1.2,11995
2020,3363,145,44.8,1.0,15495
2020,5395,135,62.8,1.6,20995
2020,921,145,55.4,1.2,12995
2019,15216,145,46.3,1.2,9295
2017,25650,160,45.6,1.4,8795
2017,19363,145,50.4,1.4,8690
2019,1485,145,47.9,1.0,11780
2019,3960,145,39.8,2.2,32490
2019,3682,145,57.6,1.2,9325
2020,985,145,35.8,1.6,25995
2020,23,145,56.5,1.0,11795
2019,9230,135,78.5,1.6,23495
2018,24021,145,57.7,1.2,8995
2016,18340,125,60.1,1.7,12995
2019,4720,135,78.5,1.6,23495
2015,27390,30,57.6,1.2,6295
2019,17642,145,35.3,1.6,14495
2017,22022,20,60.1,1.0,7695
2019,5986,145,44.1,1.0,15295
2018,24512,150,56.5,1.0,10450
2013,43621,30,57.6,1.2,4599
2019,10,150,48.7,1.6,19995
2017,38202,150,42.8,2.2,19990
2020,1000,145,50.4,1.6,25495
2020,1000,145,34.9,1.6,22995
2017,23900,0,78.5,1.6,14995
2019,497,150,60.1,1.0,8700
2017,13480,150,52.3,1.4,11795
2017,24714,150,58.9,1.2,7995
2017,12000,150,47.9,1.2,9495
2018,6871,145,60.1,1.0,8300
2019,5155,140,52.3,1.6,21689
2019,10000,140,78.5,1.6,19689
2019,10332,145,60.1,1.0,8695
2018,32360,135,78.5,1.6,15795
2019,5200,145,44.1,1.0,15995
2017,11997,145,60.1,1.0,7495
2016,14838,235,38.7,1.6,11995
2018,21000,145,42.8,2.2,20550
2017,19687,165,44.8,1.6,13397
2017,36541,150,57.6,1.7,14407
2019,7887,150,37.2,1.6,11994
2017,7858,135,78.5,1.6,16790
2018,32217,150,57.6,1.7,14991
2015,42761,20,60.1,1.0,4871
2016,12800,30,61.7,1.7,11490
2018,35458,145,57.7,1.2,5995
2017,10157,30,61.7,1.7,13995
2016,21010,125,51.4,1.4,10000
2018,6684,150,50.4,1.4,12000
2015,41309,150,53.3,1.7,9000
2017,19230,145,57.7,1.2,8380
2017,38351,125,57.6,1.7,13510
2016,37167,150,54.3,2.0,13495
2017,14258,150,60.1,1.0,6995
2018,31852,135,78.5,1.6,16995
2018,10553,145,57.7,1.2,8995
2019,3961,145,34.9,1.6,23495
2017,27921,150,55.4,1.2,8995
2019,26,150,48.7,1.6,23995
2014,35428,20,60.1,1.0,5395
2018,22102,150,52.3,1.4,11995
2018,18406,145,57.7,1.2,8495
2020,2255,145,49.6,1.0,10795
2020,2256,145,34.9,1.6,23495
2017,27815,30,61.7,1.7,13250
2017,11090,20,60.1,1.0,7260
2014,66600,150,55.4,1.7,7880
2017,53329,30,57.6,1.2,5740
2016,22684,30,61.7,1.7,11695
2015,17950,205,43.6,1.6,7480
2016,24340,125,58.9,2.0,15995
2016,34670,235,42.8,2.2,17995
2017,22781,150,55.4,1.2,8295
2020,2661,150,45.6,1.4,19995
2019,13337,145,49.6,1.0,13495
2018,32997,145,37.7,2.5,15495
2019,10961,145,44.1,1.0,13995
2019,14398,145,44.1,1.0,15295
2018,10481,145,57.7,1.2,8995
2018,30448,135,78.5,1.6,15995
2018,8400,150,39.8,2.2,29495
2017,10049,30,57.7,1.2,7620
2019,10333,145,34.9,1.6,16495
2018,8540,145,44.8,1.6,14943
2015,57541,0,78.4,1.6,6850
2016,45876,30,61.7,1.7,12026
2017,5003,125,50.4,1.4,10300
2019,12677,145,44.1,1.0,15795
2018,31627,135,78.5,1.6,15795
2016,12797,260,37.2,1.6,16995
2017,19595,145,45.6,1.4,9995
2020,1801,145,39.8,2.2,35995
2016,19456,20,62.8,1.0,8695
2020,516,145,49.6,1.2,14995
2019,6933,135,78.5,1.6,21695
2019,3000,145,51.4,1.6,23795
2017,26500,145,54.3,2.0,16430
2015,21904,30,61.7,1.7,11697
2017,30165,30,61.7,1.7,14600
2019,150,150,34.0,2.0,23995
2019,4367,150,36.2,1.6,18895
2018,250,145,44.1,1.0,16995
2019,15927,145,44.1,1.0,13990
2018,10326,145,52.3,1.0,13995
2019,1498,145,51.4,1.6,20495
2015,27872,20,60.1,1.0,5995
2020,1974,145,47.9,1.0,13995
2019,12540,145,58.9,1.6,16495
2017,21807,150,58.9,1.2,7995
2018,8500,150,47.9,1.2,10495
2018,9505,150,52.3,1.0,12995
2019,11000,145,39.2,2.2,32495
2017,26353,150,57.7,1.2,7695
2016,20731,20,60.1,1.0,6495
2018,6933,150,44.1,1.0,14995
2016,36193,30,57.6,1.2,6495
2014,44047,20,60.1,1.0,4795
2017,28476,30,61.7,1.7,11995
2015,20500,205,43.6,1.6,7895
2016,19801,0,78.5,1.6,15275
2019,4425,150,34.9,1.6,21995
2019,9898,150,35.8,1.6,22395
2020,295,145,56.5,1.0,11795
2019,21,150,34.0,2.0,23995
2015,42764,150,48.7,1.4,7495
2017,22371,160,44.8,1.6,11699
2018,14290,145,35.8,1.6,22289
2017,23505,150,51.4,1.4,11495
2017,4028,150,60.1,1.0,8295
2016,32309,20,67.3,1.7,9995
2017,40077,150,57.6,1.7,13995
2018,15885,145,60.1,1.0,7695
2018,6753,145,60.1,1.0,7995
2017,18610,145,57.7,1.2,7169
2019,10,145,44.1,1.0,15469
2018,6752,145,60.1,1.0,7995
2019,1001,145,44.1,1.0,13699
2018,7809,145,44.8,1.6,13995
2019,8100,145,46.3,1.6,22969
2019,2938,145,34.0,2.0,23469
2019,5500,145,45.6,1.6,24969
2014,22000,30,57.6,1.2,5969
2015,16212,125,58.9,2.0,15769
2019,10,145,60.1,1.0,10269
2019,642,145,49.6,1.0,10169
2017,15625,150,44.8,1.6,13269
2019,14,145,46.3,1.2,12495
2019,9000,135,78.5,1.6,22995
2020,610,145,56.5,1.0,11995
2016,9442,125,50.4,1.4,8995
2018,9396,145,44.1,1.0,13495
2018,25295,145,44.8,1.6,13995
2019,4243,135,78.5,1.6,20495
2018,8085,145,44.1,1.0,13995
2017,32500,145,58.9,1.2,7350
2019,4889,145,60.1,1.0,7995
2019,9893,145,44.1,1.0,14450
2019,13161,145,34.9,1.6,15700
2018,22000,145,58.9,1.0,10195
2020,85,145,56.5,1.0,11795
2016,21384,160,44.8,1.6,12495
2019,2125,135,62.8,1.6,20495
2015,15318,145,47.1,1.4,8350
2018,17712,135,78.5,1.6,16495
2018,37445,135,78.5,1.6,14995
2018,30842,145,60.1,1.0,6895
2019,1650,145,54.3,1.6,21990
2019,7200,135,52.3,1.6,24295
2017,22691,160,43.5,1.6,10350
2018,7356,145,60.1,1.0,7995
2018,15207,145,60.1,1.0,7895
2019,4048,135,62.8,1.6,21995
2017,29664,145,74.3,1.6,10252
2017,30435,145,47.9,1.2,8595
2018,32641,145,60.1,1.0,6595
2018,29042,145,60.1,1.0,6925
2019,9300,145,36.2,1.6,22600
2019,9000,145,54.3,1.6,21490
2017,41832,30,57.7,1.2,6290
2017,31050,150,60.1,1.0,6240
2017,34590,0,78.4,1.6,9230
2017,11028,150,44.8,1.6,13495
2017,16416,150,58.9,1.2,8495
2019,6934,150,36.2,1.6,18995
2019,7074,135,78.5,1.6,19995
2019,7119,145,39.2,2.2,32995
2017,12704,145,50.4,1.4,9795
2020,1290,135,1.1,1.6,26995
2019,1990,145,44.1,1.0,15495
2018,10166,145,34.5,1.6,12150
2016,35988,30,61.7,1.7,11990
2019,5757,145,34.9,1.6,15790
2019,2640,145,44.8,1.0,15995
2019,3908,145,34.0,2.0,22995
2016,41498,240,43.5,2.0,13890
2017,31589,145,60.1,1.0,6550
2018,17271,145,52.3,1.4,12495
2018,20169,145,60.1,1.0,7250
2019,2202,145,44.8,1.0,15995
2014,61825,30,57.6,1.2,5000
2015,59629,150,53.3,1.7,8495
2016,62874,30,61.7,1.7,10780
2018,10901,145,40.4,2.0,22969
2018,9198,145,35.8,1.6,22969
2017,14691,145,54.3,2.0,15469
2017,13076,135,78.5,1.6,16969
2019,9493,145,45.6,1.6,22969
2014,24986,30,57.6,1.2,5989
2017,34565,145,60.1,1.0,5990
2018,34168,145,37.7,2.5,15000
2019,10,145,46.3,1.2,12495
2017,32663,30,64.2,1.6,8769
2016,52417,150,54.3,2.0,12769
2018,15892,145,52.3,1.0,12769
2018,16453,145,57.7,1.2,7569
2013,40029,145,47.1,1.4,5989
2014,77877,145,53.3,1.7,7189
2016,29200,30,57.6,1.2,6689
2015,37890,150,47.1,1.4,7489
2015,32806,20,60.1,1.0,5995
2019,4271,135,78.5,1.6,20995
2019,1247,145,35.3,1.6,16995
2019,1887,145,47.9,1.6,23995
2019,10,145,44.1,1.0,15495
2019,10,145,49.6,1.0,9495
2019,1586,145,49.6,1.0,9495
2017,37101,145,45.6,1.4,8880
2019,6280,145,44.1,1.0,14195
2014,38073,20,60.1,1.0,5289
2014,38427,30,57.6,1.2,5389
2017,16512,145,57.7,1.2,7289
2014,31500,30,57.6,1.2,5489
2014,21187,200,41.5,1.6,9289
2016,37023,20,72.4,1.6,8789
2014,50664,145,53.3,1.7,7840
2016,21112,20,61.4,1.0,6030
2017,22658,145,43.5,1.6,10080
2017,13799,150,47.9,1.2,10795
2017,5937,145,62.8,1.0,8995
2018,37445,135,78.5,1.6,14995
2016,35600,30,61.7,1.7,12150
2017,19222,145,47.1,2.2,19995
2016,31352,160,44.8,1.6,13495
2017,9476,145,44.8,1.6,13695
2016,31334,235,38.7,1.6,10595
2016,33403,20,60.1,1.0,5989
2018,20479,145,60.1,1.0,7495
2018,11642,145,60.1,1.0,7795
2018,6012,145,60.1,1.0,7995
2016,14956,145,54.3,2.0,17100
2019,10,145,35.3,1.6,16995
2018,12743,145,39.2,2.2,31394
2015,42861,200,47.9,2.0,15495
2018,7138,145,52.3,1.0,13271
2018,31360,145,28.0,2.5,16995
2018,23387,145,52.3,1.0,12495
2019,1694,145,34.9,1.6,22000
2018,15028,145,52.3,1.0,14995
2017,20863,145,60.1,1.0,6795
2019,4861,145,44.1,1.0,13695
2019,1785,145,39.2,2.2,33695
2018,13415,135,78.5,1.6,15995
2016,47014,0,78.4,1.6,7995
2019,16331,145,44.1,1.0,16495
2016,30082,30,61.7,1.7,12500
2017,27604,150,60.1,1.0,6995
2017,47856,150,60.1,1.0,7495
2020,2500,145,39.2,2.2,36795
2019,2715,145,42.8,2.2,29995
2019,5032,135,78.5,1.6,17442
2018,15521,145,52.3,1.0,14587
2019,3000,145,34.9,1.6,18843
2019,4000,145,42.8,2.2,31441
2017,13582,145,62.8,1.0,9295
2017,24705,145,60.1,1.0,6999
2016,20199,200,47.1,2.0,18999
2017,25165,145,65.7,1.0,8999
2018,22983,145,39.8,1.6,17495
2017,25751,145,44.8,1.6,13495
2016,55979,125,50.4,1.4,7795
2019,1000,135,52.3,1.6,24295
2020,1000,145,51.4,1.2,13495
2019,1000,145,60.1,1.0,10995
2016,27828,30,57.6,1.2,6945
2018,16344,145,57.7,1.2,7995
2016,19570,20,60.1,1.0,6595
2018,6071,145,37.2,1.6,10987
2019,10200,145,34.9,1.6,16584
2019,10502,145,34.9,1.6,16611
2018,10920,145,44.1,1.0,14954
2018,13733,145,44.1,1.0,14964
2019,9935,145,34.9,1.6,16111
2018,9664,145,56.5,1.0,10995
2017,32223,30,61.7,1.7,13695
2017,13359,145,52.3,1.4,11495
2018,11038,145,50.4,1.4,10195
2017,30865,150,57.7,1.7,16395
2018,20165,145,46.3,1.2,9995
2019,9676,145,48.7,1.6,18995
2017,16686,235,42.8,2.2,20999
2018,9002,145,60.1,1.0,8495
2019,5000,145,50.4,1.6,26995
2016,31339,125,56.5,1.7,12495
2018,10918,150,60.1,1.0,8349
2016,17641,20,60.1,1.0,6999
2013,30460,30,57.6,1.2,4995
2013,28448,30,57.6,1.2,4995
2015,24586,30,55.4,1.2,7290
2014,52000,145,53.3,1.7,7890
2015,28828,205,41.5,1.6,8979
2018,10454,145,34.9,1.6,15979
2018,18000,145,57.7,1.2,8679
2017,17783,160,44.8,1.6,12450
2019,1738,145,35.3,1.6,16500
2017,10456,145,57.6,1.7,15750
2019,13270,145,34.9,1.6,16211
2019,2851,145,34.0,2.0,23495
2016,32186,20,60.1,1.0,5595
2015,52747,265,41.5,2.0,9495
2017,26245,150,61.7,1.7,14495
2016,41519,30,57.6,1.2,5875
2017,13820,145,60.1,1.0,7261
2016,20153,0,78.4,1.6,8500
2020,3000,150,56.5,1.0,13495
2014,19898,125,50.4,1.4,7489
2019,9676,150,48.7,1.6,18995
2018,7963,150,57.7,1.2,8695
2014,43440,145,53.3,1.7,8595
2015,29823,260,41.5,2.2,15975
2015,21998,200,46.3,2.2,15990
2018,28998,145,55.4,1.2,8500
2016,48381,30,57.6,1.2,6000
2017,12268,30,57.7,1.2,7500
2018,4705,145,57.7,1.2,8000
2019,555,145,34.0,2.0,24000
2018,8447,145,61.7,1.7,13500
2018,9558,145,52.3,1.4,12500
2016,34999,235,42.8,2.2,17750
2018,14385,145,56.5,1.0,11200
2016,15000,30,57.6,1.2,7995
2019,3000,150,57.6,1.2,10995
2018,5130,145,57.6,1.2,8500
2014,31000,160,51.4,2.0,11000
2017,11469,135,78.5,1.6,17000
2017,11791,145,60.1,1.0,7000
2019,548,145,47.1,1.6,22495
2017,31225,145,58.9,1.2,7899
2019,5000,145,46.3,1.2,12495
2019,4000,145,39.2,2.2,34864
2019,1500,145,34.0,2.0,25687
2019,1600,145,47.9,1.0,13654
2017,18078,30,57.7,1.2,7695
2018,18080,150,42.2,1.6,18999
2016,43241,30,58.9,1.2,6999
2015,20761,165,45.6,1.2,7999
2017,29051,150,60.1,1.0,6999
2017,23289,0,78.5,1.6,16999
2017,50595,235,42.8,2.2,18495
2017,25068,135,78.5,1.6,15995
2016,17604,160,44.8,1.6,12999
2018,15844,145,44.8,1.6,14250
2019,9109,145,35.3,1.6,18495
2019,13555,145,36.2,1.6,18495
2016,24695,0,78.5,1.6,16495
2019,11872,145,31.7,2.5,19995
2014,47278,20,68.9,1.4,5999
2016,23880,20,72.4,1.6,10495
2017,10670,145,58.9,1.2,8795
2014,37543,30,57.6,1.2,5169
2016,21304,30,64.2,1.6,7769
2019,3500,145,49.6,1.0,9495
2019,3500,145,49.6,1.0,9250
2019,5321,145,44.8,1.0,16495
2019,4000,145,49.6,1.0,9495
2017,21891,240,42.8,2.2,19750
2019,3050,150,35.8,1.6,23495
2018,4916,150,60.1,1.0,8995
2018,24364,150,52.3,1.0,12999
2017,32539,20,60.1,1.0,6795
2017,17452,145,58.9,1.0,9995
2017,14675,160,44.1,1.4,11250
2017,10386,20,60.1,1.0,7495
2019,5000,145,34.9,1.6,17495
2017,31171,0,78.5,1.6,15594
2017,35043,125,57.6,1.7,21354
2017,18994,150,56.5,1.0,10495
2017,21280,165,45.6,1.4,9495
2018,7217,150,57.7,1.0,14394
2016,37878,30,61.7,1.7,11795
2016,43845,20,60.1,1.0,5495
2018,27353,145,52.3,1.0,11995
2017,7913,20,60.1,1.0,7695
2019,2006,145,44.1,1.0,15795
2017,20829,125,54.3,2.0,18495
2020,3000,135,62.8,1.6,21495
2019,5000,145,46.3,1.2,12795
2019,4000,145,46.3,1.2,11495
2018,44779,145,61.4,1.7,14995
2017,17333,20,60.1,1.0,7495
2015,42858,125,50.4,1.4,7295
2019,7569,145,49.6,1.0,13495
2018,10,145,61.4,1.7,25194
2018,9120,145,60.1,1.0,8250
2017,21553,135,78.5,1.6,17800
2019,4500,145,48.7,1.6,24999
2019,4652,145,58.9,1.6,17999
2019,5000,145,34.9,1.6,21995
2019,5000,145,60.1,1.0,8995
2019,5000,145,60.1,1.0,8995
2019,50,145,44.1,1.0,16999
2019,4000,145,44.1,1.0,14495
2019,5589,145,34.0,2.0,24995
2019,4890,145,39.2,2.2,34495
2018,2820,145,35.3,1.6,15500
2018,8443,145,36.2,1.6,20750
2018,8867,145,44.8,1.6,14995
2018,10434,135,78.5,1.6,18995
2017,8763,135,78.5,1.6,17795
2017,26421,150,61.7,1.7,16794
2018,15448,150,57.7,1.0,12954
2018,4192,150,47.9,1.2,9795
2016,32001,125,50.4,1.4,7995
2017,12987,150,60.1,1.0,6495
2018,16673,145,60.1,1.0,7896
2018,16410,145,52.3,1.0,13995
2015,28287,145,54.3,2.0,16996
2019,8000,135,78.5,1.6,19936
2019,50,145,34.9,1.6,22995
2015,16229,145,47.9,1.2,8496
2017,36168,125,57.6,1.7,12996
2019,7635,135,52.3,1.6,22995
2016,22873,145,48.7,1.4,9460
2017,14092,145,57.6,1.7,14950
2015,44226,30,55.4,1.2,7650
2018,26799,145,60.1,1.0,7495
2019,8000,145,34.9,1.6,21995
2019,4500,145,46.3,1.2,12466
2018,31852,145,58.9,1.2,8296
2020,3500,145,47.9,1.0,13966
2019,5,145,34.9,1.6,22750
2016,53603,125,57.6,1.7,15495
2016,41455,240,43.5,2.0,16250
2017,38506,30,61.7,1.7,13000
2019,8104,145,60.1,1.0,8995
2020,4000,145,51.4,1.2,12495
2020,4000,145,56.5,1.0,11495
2020,4000,145,45.6,1.0,15795
2017,28507,150,47.1,2.2,18000
2017,7856,150,60.1,1.0,7250
2017,30870,150,61.7,1.7,14500
2017,33880,150,61.7,1.7,14250
2017,15877,150,61.7,1.7,14000
2020,3600,150,53.3,1.0,13366
2016,25344,20,58.9,1.0,8796
2020,2000,145,48.7,1.6,22495
2017,33501,150,60.1,1.0,6495
2018,18157,145,48.7,1.6,16995
2017,20274,30,61.7,1.7,11995
2017,20992,135,78.5,1.6,14495
2017,29299,145,57.7,1.2,7700
2019,16530,145,46.3,1.2,10995
2018,6824,145,58.9,1.2,9689
2017,31903,160,44.8,1.6,13495
2018,15207,145,60.1,1.0,7495
2018,29516,145,55.4,1.2,8500
2017,27894,145,60.1,1.0,7495
2017,28393,145,57.7,1.7,17780
2019,5000,145,44.1,1.0,15795
2019,5000,145,44.1,1.0,15995
2016,45748,20,61.4,1.0,5995
2017,14570,30,57.7,1.2,7500
2017,13385,30,57.7,1.2,7500
2019,400,145,35.3,1.6,18579
2019,2342,145,41.5,1.4,15750
2019,2772,145,44.1,1.4,17750
2019,2717,145,44.1,1.4,17750
2017,8092,145,56.5,1.0,10800
2018,11014,145,44.8,1.6,12950
2018,14322,145,60.1,1.0,9500
2015,51500,260,41.5,2.0,10000
2018,14100,145,52.3,1.0,13995
2019,10000,145,47.1,1.6,22000
2019,11,145,39.8,2.2,32500
2020,340,145,56.5,1.0,13995
2020,1334,145,34.9,1.6,22995
2020,2500,145,39.2,2.2,34995
2019,7540,145,44.1,1.0,18995
2019,9000,145,44.1,1.0,15995
2018,10720,145,50.4,1.4,12495
2018,10000,145,54.3,1.0,12000
2019,13045,145,34.0,2.0,21800
2017,19101,30,57.7,1.2,7250
2017,14416,30,61.7,1.7,14500
2017,36147,30,61.7,1.7,13500
2018,14062,145,60.1,1.0,7291
2016,20600,260,37.2,1.6,16000
2017,13037,145,57.7,1.7,16590
2017,13500,145,60.1,1.0,7495
2014,48879,30,57.6,1.2,5995
2018,25000,145,57.7,1.2,7995
2019,10,145,54.3,1.6,16000
2019,20,145,52.3,1.6,16000
2016,45518,125,56.5,1.7,10995
2017,38002,20,72.4,1.6,10995
2016,31724,30,61.7,1.7,12995
2018,3250,145,37.2,1.6,12995
2015,18394,30,57.6,1.2,6495
2019,8000,145,41.5,1.4,16995
2019,20,145,52.3,1.6,16000
2019,10,145,52.3,1.6,16000
2017,285,145,61.7,1.7,13250
2018,16096,145,36.2,1.6,17000
2017,9172,145,56.5,1.0,11000
2018,7304,145,57.6,1.7,17250
2018,13470,145,34.9,1.6,17750
2016,29708,30,61.7,1.7,13000
2020,500,145,53.3,1.0,12495
2018,17330,145,38.7,1.6,17495
2017,20634,125,50.4,1.4,9795
2018,5908,145,68.9,1.6,13995
2015,3006,160,45.6,1.2,8995
2016,2650,145,47.9,1.2,9495
2017,14513,30,61.7,1.7,14495
2020,76,135,52.3,1.6,24495
2020,3000,145,36.2,1.6,27995
2017,19000,30,57.6,1.2,7995
2015,30763,30,61.7,1.7,12495
2018,19612,150,60.1,1.0,8495
2016,26389,30,61.7,1.7,12995
2017,15679,160,44.8,1.6,13995
2019,3154,145,44.8,1.0,15495
2015,27839,20,72.4,1.6,8899
2018,8033,145,47.9,1.2,10442
2013,37489,20,61.4,1.2,4044
2015,40000,125,51.4,1.4,7295
2016,19454,200,47.1,2.2,20995
2015,7516,20,60.1,1.0,6995
2017,27237,30,61.7,1.7,13995
2019,500,145,46.3,1.2,12495
2017,47150,30,61.4,1.7,14495
2020,50,145,39.2,2.2,36895
2020,50,145,34.9,1.6,22495
2020,1550,145,34.9,1.6,18480
2019,10397,135,78.5,1.6,22680
2017,31083,145,74.3,1.6,12295
2020,2000,135,62.8,1.6,25495
2016,9574,205,43.6,1.6,9495
2015,50122,150,47.1,1.4,6995
2016,23529,125,57.6,1.7,14995
2017,25665,150,44.8,1.6,13695
2018,11156,150,45.6,1.0,11495
2017,34124,30,57.6,1.2,6380
2016,40000,300,37.7,2.5,13495
2015,67212,0,78.4,1.6,6995
2019,7346,135,78.5,1.6,17450
2019,7984,145,39.8,2.2,29850
2019,2012,145,36.2,1.6,23850
2019,2012,145,35.3,1.6,19850
2019,9803,145,35.8,1.6,22980
2017,17528,150,61.7,1.7,14600
2017,18975,150,50.4,1.4,8995
2017,2670,145,57.7,1.2,9595
2019,10124,145,28.0,2.5,21980
2017,26551,150,42.8,2.2,22480
2014,44000,20,60.1,1.0,4780
2019,11879,145,45.6,1.0,13980
2019,3620,145,42.8,2.2,33250
2018,4755,145,34.9,1.6,15850
2017,15276,200,47.9,2.0,18750
2017,11630,145,60.1,1.0,7495
2017,10913,145,47.9,1.2,9680
2019,8492,145,36.2,1.6,17980
2018,9595,145,44.1,1.0,15680
2019,6054,145,47.9,1.6,24480
2016,27867,200,47.1,2.0,15780
2018,19000,135,78.5,1.6,18480
2020,1200,145,52.3,1.2,13980
2020,2000,145,56.5,1.0,11990
2019,2597,145,36.2,1.6,24141
2019,25,145,34.9,1.6,23750
2019,1594,145,46.3,1.2,12450
2019,25,145,44.1,1.0,17950
2018,11006,150,47.9,1.2,11250
2017,6875,150,60.1,1.0,7350
2015,25445,165,45.6,1.2,6950
2019,16261,145,44.1,1.0,13650
2018,7573,145,44.8,1.6,13950
2018,11009,145,35.3,1.6,16850
2018,6493,135,78.5,1.6,17150
2017,28499,145,61.7,1.7,13250
2016,13102,20,61.4,1.0,6250
2016,15135,125,50.4,1.4,8489
2018,23059,150,44.8,1.6,14495
2017,31226,145,57.7,1.2,7195
2019,5000,145,37.7,1.6,21250
2019,1791,145,39.2,2.2,32450
2019,20,145,39.8,2.2,32489
2019,2130,145,42.8,2.2,32450
2019,5328,145,34.0,1.6,20950
2017,18540,30,61.7,1.7,15250
2019,623,145,42.8,2.2,32950
2019,10903,145,39.2,2.2,32450
2019,2813,145,45.6,1.0,13750
2017,29249,235,42.8,2.2,18350
2019,700,145,50.4,1.6,22962
2019,1913,145,60.1,1.6,15160
2017,17717,145,55.4,1.2,9721
2019,8112,135,52.3,1.6,22858
2018,15250,145,39.8,1.6,16973
2019,3706,145,34.0,2.0,25995
2018,21716,145,52.3,1.0,13326
2020,644,145,46.3,1.2,12795
2014,41183,30,57.6,1.2,6000
2017,23985,145,57.6,1.7,14750
2019,2515,150,40.4,2.0,28500
2018,17560,145,47.9,1.2,9000
2018,7672,145,60.1,1.0,8200
2018,11500,145,61.4,1.7,17000
2017,11276,145,52.3,1.4,11500
2018,9196,145,57.6,1.2,8500
2013,35300,145,45.6,1.4,6000
2018,8818,145,44.8,1.6,15000
2017,20100,145,60.1,1.0,7200
2019,16490,145,44.1,1.0,13500
2019,10,145,47.1,1.6,21000
2020,2,145,56.5,1.0,12394
2020,1000,150,53.3,1.0,13500
2018,18390,145,50.4,1.4,10109
2019,3718,145,37.7,1.6,20394
2017,34476,30,61.7,1.7,12795
2016,12999,30,61.7,1.7,13474
2018,30498,140,78.5,1.6,15995
2015,43169,30,61.7,1.7,11176
2015,20433,30,61.7,1.7,13900
2017,20477,145,57.7,1.2,7100
2016,58589,30,57.6,1.2,5000
2020,1530,145,53.3,1.0,13294
2019,9445,150,39.2,2.2,32494
2019,12000,145,39.2,2.2,31995
2017,12245,20,62.8,1.0,8995
2018,6089,150,44.1,1.4,15995
2019,2220,150,34.9,1.6,16390
2017,21200,150,58.9,1.2,8350
2019,6483,145,44.1,1.0,15950
2016,28221,30,64.2,1.6,7900
2019,6813,145,39.2,2.2,33950
2019,6500,145,36.2,1.6,22450
2013,73593,145,53.3,1.7,7500
2018,10821,150,60.1,1.0,8200
2016,30700,205,41.5,1.6,10500
2020,9,145,39.2,2.2,37995
2018,46014,145,33.6,2.5,14299
2018,4783,145,34.0,2.0,21750
2017,8616,145,60.1,1.0,6995
2019,8,145,34.9,1.6,18495
2019,5430,145,46.3,1.2,11741
2018,10512,145,60.1,1.0,7518
2018,9963,145,56.5,1.0,11142
2018,15190,145,60.1,1.0,7346
2017,27872,30,61.7,1.7,14172
2019,4983,145,34.0,2.0,24500
2019,3966,145,34.9,1.6,17500
2017,23000,145,47.9,1.2,8995
2018,32469,145,33.6,2.5,15299
2016,31000,200,41.5,1.6,10995
2017,23000,145,58.9,1.2,9295
2017,13510,145,50.4,1.4,9995
2018,27000,145,45.6,1.4,10495
2018,31000,145,60.1,1.0,8295
2018,26000,145,60.1,1.0,7795
2016,38000,20,60.1,1.0,5995
2016,30822,235,42.8,2.2,16995
2019,2100,145,36.2,1.6,23000
2019,4338,145,50.4,1.6,26000
2019,1580,145,49.6,1.0,9750
2019,11,145,37.7,1.6,22000
2015,58915,30,65.7,1.7,8000
2017,16733,30,57.7,1.2,7500
2017,33000,135,78.5,1.6,13995
2017,30000,150,67.3,1.7,10995
2019,50,150,34.0,2.0,23995
2017,17000,150,47.9,1.2,10295
2019,15000,150,36.2,1.6,18495
2019,12089,150,60.1,1.0,9000
2017,21999,160,44.8,1.6,13500
2016,18864,125,57.6,1.7,14150
2019,150,145,42.2,1.4,18500
2019,3000,145,34.0,2.0,25000
2017,24486,150,39.8,1.6,16450
2014,19150,30,57.6,1.2,5990
2019,634,145,37.7,1.6,21000
2016,20300,20,60.1,1.0,6400
2016,18292,125,50.4,1.4,9000
2016,21444,150,48.7,1.4,8800
2019,19357,145,31.7,2.5,18000
2017,28338,145,47.9,1.2,9000
2018,14985,145,60.1,1.0,7281
2017,12645,145,60.1,1.0,8000
2019,2000,145,34.9,1.6,27000
2016,8000,20,60.1,1.2,7500
2019,500,145,50.4,1.6,26000
2019,1000,145,53.3,1.6,21000
2019,100,145,37.2,1.6,14750
2016,27000,125,50.4,1.4,8500
2017,37798,145,57.7,1.2,6660
2017,32637,145,60.1,1.0,6120
2018,13330,145,60.1,1.0,7291
2017,14528,145,60.1,1.0,7291
2017,13787,145,60.1,1.0,7291
2018,25501,150,56.5,1.0,10700
2017,11653,30,61.7,1.7,14500
2018,16532,150,56.5,1.0,11000
2017,36058,30,61.7,1.7,11350
2017,29058,0,78.5,1.6,15200
2017,27563,30,61.7,1.7,13195
2018,9274,145,44.8,1.6,14995
2017,27587,150,61.7,1.7,13500
2018,12939,150,60.1,1.0,7291
2017,22445,30,61.7,1.7,13750
2017,13699,30,57.7,1.2,7395
2019,443,145,49.6,1.0,9495
2017,14977,30,57.7,1.2,7395
2017,32979,150,47.9,1.2,8495
2015,61798,205,46.3,2.2,12999
2018,31995,145,60.1,1.0,7259
2018,14162,145,60.1,1.0,7495
2017,39835,150,57.6,1.7,18000
2017,27191,30,61.7,1.7,13500
2017,33664,125,57.6,1.7,17750
2017,28056,240,42.8,2.2,18850
2017,29275,240,43.5,2.0,18000
2017,27430,0,78.5,1.6,14250
2017,10269,145,56.5,1.0,9835
2018,8265,145,61.7,1.7,13495
2016,51344,20,72.4,1.6,9995
2017,27892,145,61.7,1.7,14495
2019,3475,145,44.1,1.0,14995
2019,2291,145,44.1,1.0,14995
2016,50299,30,61.7,1.7,12995
2020,1045,145,34.0,2.0,25995
2019,10,145,52.3,1.6,19995
2017,38498,20,62.8,1.0,8292
2018,11897,145,34.9,1.6,14490
2017,29797,125,57.6,1.7,13490
2018,10717,145,44.8,1.6,12395
2018,9667,145,57.6,1.7,16349
2019,3500,145,35.3,1.6,20195
2016,27951,145,54.3,2.0,13475
2019,1750,145,44.1,1.0,15495
2017,30956,200,47.1,2.2,17995
2016,12810,125,57.6,1.7,14295
2018,8934,145,44.8,1.6,14995
2014,18495,30,57.6,1.2,6799
2015,34203,260,42.2,2.2,17000
2017,43564,30,61.7,1.7,10990
2015,24503,205,41.5,1.6,8990
2016,11255,200,46.3,2.2,17390
2017,8474,145,57.6,1.7,15295
2017,7317,145,57.6,1.7,15395
2016,10317,235,42.8,2.2,19495
2018,11508,145,57.6,1.7,16285
2019,3047,135,78.5,1.6,21779
2017,9196,125,57.6,1.7,15620
2019,101,145,34.9,1.6,21490
2015,40472,0,78.4,1.6,7490
2019,3500,145,34.9,1.6,17499
2018,19888,145,52.3,1.0,13000
2019,5280,145,35.3,1.6,16000
2019,1578,145,39.2,2.2,34000
2019,2160,145,44.1,1.0,15000
2020,400,145,46.3,1.2,16998
2020,300,145,36.2,1.6,27999
2019,13184,145,35.3,1.6,15798
2018,8093,150,54.3,1.0,14579
2017,24026,30,61.7,1.7,12199
2017,37123,150,42.8,2.2,19899
2014,76531,30,55.4,1.7,8999
2017,21129,20,60.1,1.0,6799
2017,35828,125,57.6,1.7,14298
2017,11018,0,78.5,1.6,15890
2017,42479,145,57.7,1.2,6489
2018,13546,145,60.1,1.0,8000
2017,14554,125,50.4,1.4,8000
2019,17241,145,35.3,1.6,15798
2018,8906,145,52.3,1.0,13499
2015,8776,20,61.4,1.0,6199
2014,17324,20,60.1,1.0,6000
2018,10478,145,54.3,1.0,12810
2019,5167,135,78.5,1.6,17899
2018,38330,150,37.7,2.5,15480
2016,53292,330,33.6,2.5,13110
2017,19178,150,57.7,1.2,7290
2017,30458,150,50.4,1.4,8690
2018,2696,150,60.1,1.0,8790
2018,20000,150,61.7,1.7,15190
2018,4000,150,60.1,1.0,8520
2017,27250,145,57.7,1.2,8449
2018,13000,150,43.5,1.6,12000
2015,28000,30,55.4,1.2,8000
2018,30655,145,57.7,1.2,6620
2017,33859,145,57.7,1.2,6740
2019,7079,145,60.1,1.0,8299
2018,16172,145,57.7,1.7,18199
2016,14000,20,62.8,1.0,9000
2015,67500,0,78.4,1.6,7000
2017,19000,150,58.9,1.2,8500
2017,15000,160,43.5,1.6,11000
2019,6500,145,35.3,1.6,18250
2017,30000,145,60.1,1.0,7250
2018,32000,145,37.7,2.5,17000
2017,39317,145,67.3,1.7,10000
2019,10338,145,44.8,1.0,12299
2013,37367,30,64.2,1.6,7299
2016,35932,160,42.8,1.6,9799
2013,29089,20,61.4,1.2,4390
2017,19099,145,39.8,1.6,17095
2017,31513,145,60.1,1.0,6300
2017,34508,145,60.1,1.0,6860
2017,30043,145,65.7,1.7,11120
2017,35298,145,60.1,1.0,6230
2018,5800,145,60.1,1.0,7600
2018,33617,145,57.7,1.2,7120
2019,12273,145,44.1,1.0,13899
2016,53609,30,55.4,1.2,6549
2017,24163,125,57.6,1.7,16929
2018,18076,145,47.1,2.0,20949
2018,11513,145,74.3,1.6,11679
2019,8114,150,46.3,1.2,10871
2016,25881,125,56.5,1.7,11151
2018,14952,150,64.2,1.6,11091
2016,30897,30,61.7,1.7,13871
2020,1250,145,34.9,1.6,18798
2013,79936,20,61.4,1.2,3499
2019,21,145,34.9,1.6,19000
2017,35513,145,55.4,1.2,7499
2017,36602,145,55.4,1.2,7499
2017,11211,150,43.5,1.6,9995
2018,19500,145,38.7,1.6,16394
2017,36722,135,78.5,1.6,15109
2019,9946,145,44.1,1.0,13499
2018,8786,145,61.7,1.7,15169
2019,3294,145,36.2,1.6,22999
2019,6439,145,37.7,1.6,21299
2019,5732,145,39.2,2.2,33799
2019,5473,145,39.2,2.2,33799
2013,26454,145,48.7,1.7,8199
2016,67654,30,65.7,1.7,8599
2019,6771,135,78.5,1.6,25715
2019,30,145,54.3,1.6,16000
2019,30,145,54.3,1.6,16000
2018,9683,150,60.1,1.0,7291
2018,11491,150,60.1,1.0,7291
2019,10,135,78.5,1.6,18990
2020,1472,145,34.0,2.0,26999
2019,16449,145,34.9,1.6,15792
2015,27855,160,44.8,1.6,11243
2019,10616,145,36.2,1.6,18414
2015,27399,125,50.4,1.4,7699
2016,30311,30,61.7,1.7,11490
2018,30421,145,38.7,1.6,14490
2017,15994,125,57.6,1.7,13790
2014,39120,20,60.1,1.0,4890
2016,52413,145,48.7,1.4,6990
2017,24010,145,44.8,1.6,11990
2019,30,145,54.3,1.6,16000
2019,30,145,54.3,1.6,16000
2016,18772,145,47.9,1.2,7290
2019,100,145,36.2,1.6,21750
2018,8708,145,44.8,1.6,12791
2018,20,145,61.7,1.7,14594
2019,559,135,78.5,1.6,18299
2018,12170,145,57.6,1.7,16651
2019,3417,150,46.3,1.2,10590
2019,5215,150,46.3,1.2,11240
2018,16203,150,60.1,1.0,7291
2018,4128,150,39.8,1.6,17995
2018,29923,150,45.6,1.4,9995
2019,2600,150,47.9,1.2,11999
2013,69652,300,39.2,2.0,7490
2019,8569,135,78.5,1.6,19000
2019,3700,135,78.5,1.6,18250
2018,19076,145,61.7,1.7,14650
2016,34100,200,47.1,2.0,16490
2018,16428,135,78.5,1.6,17600
2019,3472,145,54.3,1.6,16000
2018,12193,145,47.1,2.0,20995
2017,12730,145,47.1,2.0,17695
2019,4500,145,36.2,1.6,21795
2019,4372,145,39.2,2.2,33699
2019,16464,150,31.7,2.5,18440
2017,20816,150,58.9,1.2,8350
2017,9511,150,57.7,1.2,7610
2017,26716,30,57.7,1.2,6990
2018,39188,150,44.8,1.6,12699
2019,9970,145,39.2,2.2,30999
2017,30345,125,57.6,1.7,17180
2017,24708,145,47.9,1.2,8995
2018,15395,150,60.1,1.0,7291
2018,11562,150,60.1,1.0,7291
2017,12491,150,60.1,1.0,7291
2018,13746,150,60.1,1.0,7291
2017,12006,150,60.1,1.0,7291
2019,3837,145,39.2,2.2,34495
2018,8469,145,45.6,1.0,11295
2017,33493,125,57.6,1.7,17495
2017,29158,30,61.7,1.7,13295
2018,13954,145,60.1,1.0,7291
2017,11467,145,60.1,1.0,7291
2018,13097,145,60.1,1.0,7291
2020,510,145,52.3,1.2,12995
2019,20,145,36.2,1.6,23991
2017,27860,0,78.5,1.6,14895
2017,17475,145,61.7,1.7,13991
2017,29968,30,61.7,1.7,13251
2018,6063,145,56.5,1.0,11200
2018,11290,145,44.8,1.6,14751
2014,38193,160,45.6,1.2,6800
2019,5500,135,78.5,1.6,22899
2019,5500,135,78.5,1.6,23991
2017,13587,0,78.5,1.6,15490
2020,3000,150,53.3,1.0,12995
2017,11247,135,78.5,1.6,17299
2019,10,145,36.2,1.6,23991
2019,4500,145,36.2,1.6,21795
2019,4500,145,36.2,1.6,21795
2019,17340,145,39.2,2.2,31735
2019,4000,135,78.5,1.6,23991
2019,10,135,78.5,1.6,23991
2019,5500,135,78.5,1.6,23991
2019,5500,135,78.5,1.6,22891
2019,5500,135,78.5,1.6,22491
2019,5500,135,78.5,1.6,23991
2019,5500,135,78.5,1.6,22491
2019,3500,145,49.6,1.0,9491
2019,3500,145,49.6,1.0,9491
2019,250,145,49.6,1.0,9491
2019,10,145,49.6,1.0,9491
2019,3500,145,49.6,1.0,9491
2019,3000,145,49.6,1.0,9491
2019,4500,145,50.4,1.6,25750
2019,3200,145,49.6,1.0,9491
2019,2400,145,36.2,1.6,21795
2019,10,145,36.2,1.6,23491
2019,6402,145,42.8,2.2,30491
2019,5883,145,39.2,2.2,33791
2019,8574,145,45.6,1.6,22491
2019,5500,135,78.5,1.6,23991
2019,5500,135,78.5,1.6,23991
2019,5500,135,78.5,1.6,23991
2019,5500,135,78.5,1.6,23991
2019,5500,135,78.5,1.6,23991
2019,5500,135,78.5,1.6,23991
2019,10,145,49.6,1.0,9491
2018,9206,145,44.8,1.6,14991
2017,13719,30,57.7,1.2,7390
2017,32127,30,61.7,1.7,12790
2018,12453,150,45.6,1.0,12371
2019,2800,145,36.2,1.6,22995
2019,4000,145,49.6,1.0,9491
2019,4000,145,49.6,1.0,9491
2019,4000,145,49.6,1.0,9491
2018,6526,150,45.6,1.0,12991
2019,17124,150,31.7,2.5,18430
2017,3149,150,60.1,1.0,7570
2019,2135,150,34.0,1.6,22020
2013,16197,20,61.4,1.2,4740
2017,6346,150,58.9,1.2,9121
2017,4528,150,58.9,1.2,9210
2017,10000,150,57.7,1.2,9180
2019,4000,145,49.6,1.0,9491
2019,4000,145,49.6,1.0,8995
2019,3000,145,49.6,1.0,9491
2019,1500,145,49.6,1.0,9491
2019,10,145,52.3,1.6,16500
2019,10,145,52.3,1.6,16500
2019,30,145,54.3,1.6,16000
2018,13410,145,52.3,1.0,14499
2014,19371,30,57.6,1.2,6499
2014,16059,30,57.6,1.2,6199
2017,31100,160,43.5,1.6,8495
2016,30279,145,48.7,1.4,8660
2015,27328,125,50.4,1.4,8032
2019,7921,145,42.8,2.2,28990
2017,20391,20,60.1,1.0,7190
2019,9854,145,36.2,1.6,18790
2018,15424,145,52.3,1.4,11640
2016,6566,145,47.9,1.2,9190
2019,8000,145,39.2,2.2,35456
2019,2984,145,50.4,1.6,26980
2018,7022,145,43.5,2.0,21590
2018,6124,145,44.8,1.6,14980
2019,7832,145,60.1,1.0,8190
2019,12806,145,34.9,1.6,17980
2019,2390,145,39.2,2.2,32980
2019,12254,145,34.0,1.6,19980
2018,20566,145,34.9,1.6,19980
2015,37854,265,42.2,2.2,17290
2019,50,145,37.7,1.6,23000
2018,38469,135,78.5,1.6,13709
2018,35934,135,78.5,1.6,15089
2018,37125,135,78.5,1.6,13789
2018,33610,145,31.7,2.5,16459
2017,14847,145,43.5,1.6,10654
2018,10873,135,78.5,1.6,17234
2019,9468,135,78.5,1.6,20000
2018,10010,145,60.1,1.0,8345
2018,5006,145,60.1,1.0,8000
2019,11478,145,44.1,1.0,13920
2019,14687,135,78.5,1.6,18695
2015,14500,30,61.7,1.7,12691
2019,9153,145,36.2,1.6,18867
2019,11036,145,35.3,1.6,15278
2018,35007,135,78.5,1.6,13969
2018,37133,135,78.5,1.6,14959
2018,30868,145,57.7,1.2,7659
2018,30549,145,57.7,1.2,7259
2018,11398,145,35.3,1.6,14678
2019,6621,135,78.5,1.6,18314
2019,100,145,34.9,1.6,21390
2019,10,145,35.3,1.6,16390
2019,10,145,36.2,1.6,23991
2019,10,145,36.2,1.6,23991
2019,10,145,36.2,1.6,23991
2019,100,145,48.7,1.6,22895
2019,3400,145,36.2,1.6,23991
2019,10,145,36.2,1.6,23991
2016,20603,150,47.9,1.2,7699
2016,33925,240,43.5,2.0,13499
2017,36797,20,60.1,1.0,6999
2020,1420,145,46.3,1.2,12299
2019,1232,145,44.8,1.0,14298
2020,2885,145,39.2,2.2,36999
2016,21597,150,47.9,1.2,7499
2015,38000,125,50.4,1.4,7699
2013,54321,150,53.3,1.7,6999
2017,32562,145,55.4,1.2,7599
2017,30233,145,60.1,1.0,7259
2017,32278,145,60.1,1.0,7259
2016,47282,30,55.4,1.2,6899
2018,32031,145,52.3,1.0,12299
2016,11869,30,56.5,1.2,8000
2017,32113,145,55.4,1.2,7599
2018,15958,145,58.9,1.2,9499
2016,17947,30,61.7,1.7,12299
2018,10936,145,60.1,1.0,7495
2019,16555,145,44.1,1.0,15495
2019,12603,145,46.3,1.2,10495
2019,17715,145,44.1,1.0,14995
2020,7417,145,36.2,1.6,25000
2017,20629,150,74.3,1.6,10780
2018,17940,145,46.3,1.2,9299
2016,35405,125,57.6,1.7,16799
2019,10065,145,60.1,1.6,13000
2017,30676,145,60.1,1.0,6699
2018,32743,145,58.9,1.2,7899
2018,34989,145,52.3,1.0,12599
2017,48776,145,44.8,1.6,12999
2016,16812,30,58.9,1.0,9395
2016,36263,30,61.7,1.7,12795
2018,15493,145,52.3,1.0,13995
2018,31548,150,39.8,1.6,17995
2016,30566,20,60.1,1.0,6295
2016,27397,165,44.8,1.6,12067
2018,32573,150,57.7,1.2,7159
2019,5431,150,47.9,1.2,10495
2020,2458,145,53.3,1.0,14000
2016,17574,30,61.7,1.7,12499
2015,50500,20,67.3,1.7,8499
2018,21366,150,74.3,1.6,12299
2016,16750,30,55.4,1.2,8499
2017,50456,125,57.6,1.7,13499
2018,17952,145,36.2,1.6,17695
2019,4638,150,47.9,1.2,10495
2016,8340,20,60.1,1.0,6799
2016,31000,20,60.1,1.0,5995
2016,20000,200,47.1,2.0,13995
2017,5000,145,65.7,1.0,8995
2015,29000,125,50.4,1.4,6795
2016,29143,125,57.6,1.7,14499
2017,17955,145,38.7,1.6,16499
2017,8474,145,58.9,1.2,9499
2019,1853,145,34.0,2.0,23995
2020,545,145,51.4,1.2,13595
2020,2936,145,45.6,1.0,15495
2018,24448,150,45.6,1.4,12354
2015,42910,20,60.1,1.0,4495
2018,31676,150,45.6,1.4,9995
2019,13299,145,34.9,1.6,15494
2019,11345,145,44.1,1.0,15795
2019,4264,145,47.9,1.0,11499
2015,37254,30,57.6,1.2,6499
2017,12790,0,78.5,1.6,13299
2019,310,145,46.3,1.2,12490
2017,15772,30,57.6,1.2,7590
2017,15088,145,60.1,1.0,7299
2017,6299,145,58.9,1.2,9299
2017,30067,145,44.8,1.6,11399
2018,5880,145,52.3,1.0,14999
2018,13410,145,52.3,1.0,14499
2019,1775,145,42.2,1.4,16999
2018,11606,145,57.7,1.2,9699
2019,9487,145,60.1,1.0,8495
2018,9963,150,47.9,1.2,9499
2019,12141,150,36.2,1.6,18995
2019,6250,145,44.1,1.0,16995
2019,4661,145,34.9,1.6,20995
2018,7894,145,34.9,1.6,15499
2018,7804,145,57.7,1.2,9633
2016,21262,30,61.7,1.7,13999
2017,34870,125,57.6,1.7,14430
2018,31375,150,60.1,1.0,7990
2018,12955,145,52.3,1.4,11780
2018,13826,135,78.5,1.6,18890
2019,80,145,36.2,1.6,23980
2019,7064,145,34.9,1.6,18390
2017,17936,30,61.7,1.7,13290
2020,984,145,44.1,1.0,19290
2014,41960,125,50.4,1.4,5999
2017,15422,20,60.1,1.0,7299
2018,4203,145,38.7,1.6,16999
2018,12271,145,58.9,1.2,9999
2014,16059,30,57.6,1.2,6199
2014,30553,20,60.1,1.0,6399
2015,13076,30,57.6,1.2,7699
2017,10392,145,57.7,1.2,8855
2018,14653,145,34.9,1.6,15314
2019,2439,145,46.3,1.0,14990
2019,3531,145,47.9,1.2,11990
2019,5004,145,34.9,1.6,16990
2017,12836,145,50.4,1.4,9490
2017,16012,30,55.4,1.2,9990
2015,27823,125,51.4,1.4,8290
2020,2500,145,46.3,1.2,12990
2020,4250,145,36.2,1.6,22990
2020,2000,145,53.3,1.0,12990
2017,31189,145,57.7,1.2,7622
2019,11488,145,44.1,1.0,15539
2019,4000,145,45.6,1.0,13990
2019,13100,145,39.8,2.2,29490
2016,16422,30,61.7,1.7,13888
2019,2251,150,49.6,1.0,13557
2018,10751,150,49.6,1.0,12492
2019,18731,145,36.2,1.6,18588
2017,14346,150,47.9,1.2,10490
2017,29820,150,51.4,1.4,11238
2018,22503,150,52.3,1.4,11365
2018,7487,145,47.9,1.2,12562
2017,12803,125,50.4,1.4,9781
2016,16039,30,64.2,1.6,9338
2018,11748,145,52.3,1.4,12892
2017,29488,145,60.1,1.0,7603
2017,4817,125,50.4,1.4,10247
2013,25976,260,41.5,2.2,15739
2014,23346,30,57.6,1.2,6441
2018,13133,145,36.2,1.6,17490
2018,12050,135,78.5,1.6,17990
2018,8056,145,47.9,1.2,12499
2018,9843,145,60.1,1.0,8250
2019,1527,150,34.0,1.6,22990
2015,21900,165,43.5,1.6,9990
2017,24042,30,55.4,1.2,9990
2015,18784,165,42.2,1.4,11290
2019,3084,150,47.9,1.0,11680
2017,27080,125,57.6,1.7,14924
2017,25972,30,61.7,1.7,13740
2017,25948,160,44.8,1.6,12355
2018,15759,145,44.8,1.6,14690
2019,2684,145,34.9,1.6,17096
2017,16190,160,44.8,1.6,13539
2016,21159,30,61.7,1.7,12990
2017,12380,150,44.8,1.6,13490
2018,17267,150,34.9,1.6,15229
2018,17356,150,47.9,1.2,9297
2017,27911,125,57.6,1.7,16457
2016,26317,240,42.8,2.2,18797
2017,21700,150,57.6,1.7,15299
2019,4266,145,31.7,2.5,18985
2018,5728,145,36.2,1.6,18599
2018,15682,145,57.7,1.2,7985
2015,25730,20,68.9,1.4,7361
2019,3737,145,34.9,1.6,17571
2017,13206,160,44.8,1.6,13871
2017,10172,160,44.8,1.6,13894
2017,25895,30,61.7,1.7,13745
2019,3624,145,44.1,1.0,17622
2017,14937,125,57.6,1.7,15728
2019,11848,135,78.5,1.6,16786
2019,4581,135,78.5,1.6,17560
2018,27318,135,78.5,1.6,14811
2017,27918,145,43.5,1.6,9628
2018,37101,135,78.5,1.6,15544
2018,30424,145,45.6,1.4,10362
2017,25198,150,61.7,1.7,13790
2018,8701,150,47.9,1.0,10990
2018,10819,150,60.1,1.0,7690
2017,30085,150,61.4,1.7,14590
2016,27000,20,72.4,1.6,9250
2017,18465,30,61.7,1.7,13666
2017,5877,30,61.7,1.7,13771
2018,29000,145,34.9,1.6,13752
2016,27283,30,61.7,1.7,13182
2017,8526,145,57.6,1.7,15258
2017,11353,145,57.6,1.7,15127
2018,21199,145,58.9,1.2,8463
2019,10120,145,36.2,1.6,18967
2019,3686,150,46.3,1.2,11340
2019,3103,150,60.1,1.0,8590
2018,13421,150,48.7,1.6,17390
2018,11333,135,78.5,1.6,17700
2017,23855,30,61.7,1.7,13100
2018,667,145,47.9,1.2,10100
2017,49691,30,61.7,1.7,12300
2016,34000,30,55.4,1.2,7490
2014,70352,150,53.3,1.7,7599
2017,22305,150,60.1,1.0,6990
2019,15623,150,35.3,1.6,15692
2017,21477,145,47.1,2.0,18799
2016,55088,330,33.6,2.5,12000
2017,18600,145,58.9,1.2,8591
2018,7769,145,42.2,1.6,18995
2019,4292,145,34.9,1.6,16922
2019,835,145,49.6,1.0,15702
2019,2837,145,36.2,1.6,19642
2016,87146,160,44.8,1.6,8988
2017,19651,125,57.6,1.7,15236
2018,21505,145,61.7,1.7,14853
2017,26301,145,52.3,1.0,12823
2019,7130,145,39.2,2.2,33992
2019,15299,150,35.3,1.6,15692
2019,15344,150,46.3,1.2,9962
2015,25731,20,60.1,1.0,5690
2018,10117,150,34.9,1.6,15990
2017,20257,140,78.5,1.6,16491
2018,3789,150,45.6,1.0,12891
2017,26921,145,60.1,1.0,5992
2017,36000,150,61.7,1.7,12990
2016,6539,20,60.1,1.0,6990
2017,10329,135,78.5,1.6,17149
2020,1475,145,36.2,1.6,24999
2017,22012,20,60.1,1.0,6991
2016,14600,125,50.4,1.4,9191
2020,8000,140,62.8,1.6,20999
2018,10958,145,39.2,2.2,30699
2017,23986,125,57.6,1.7,17999
2019,3827,135,78.5,1.6,16699
2017,30345,125,57.6,1.7,17399
2019,6697,145,39.2,2.2,33999
2019,16673,145,60.1,1.6,14699
2019,8483,145,60.1,1.0,8649
2019,14051,145,46.3,1.2,9699
2019,11088,150,44.1,1.0,15292
2019,13725,150,35.3,1.6,15792
2018,30709,150,51.4,1.4,12190
2018,28851,150,51.4,1.4,12790
2017,14097,150,47.9,1.2,10591
2015,11673,265,41.5,2.2,18992
2015,11166,30,57.6,1.2,6090
2016,29981,30,58.9,1.2,7900
2018,20455,150,44.8,1.6,14499
2017,30946,150,57.7,1.2,6790
2016,18504,30,61.7,1.7,13500
2018,7669,150,35.3,1.6,15300
2016,18146,125,50.4,1.4,7695
2017,19500,160,43.5,1.6,9995
2017,43638,150,57.7,1.2,6695
2018,5104,145,44.1,1.0,15295
2019,9970,145,39.2,2.2,31269
2019,8155,145,44.1,1.0,13799
2019,2779,145,44.1,1.0,14195
2019,2847,145,39.2,2.2,33999
2017,22880,145,50.4,1.4,8899
2019,3735,145,39.2,2.2,33999
2017,15506,145,38.7,1.6,16499
2019,7925,145,44.1,1.0,13799
2019,10000,145,57.6,1.2,9995
2014,94870,145,53.3,1.7,6890
2014,43057,160,51.4,1.6,7420
2014,46845,0,74.3,1.6,6925
2018,7374,145,57.7,1.2,8795
2017,35791,145,54.3,2.0,14995
2018,17952,150,36.2,1.6,17695
2020,822,145,53.3,1.0,12795
2020,2064,135,52.3,1.6,22495
2020,1669,135,62.8,1.6,20995
2019,2880,145,39.8,2.2,32495
2019,17470,145,36.2,1.6,18195
2019,16923,145,36.2,1.6,18245
2019,15507,150,44.1,1.0,13995
2018,30239,150,45.6,1.4,9995
2019,13192,150,44.1,1.0,13995
2017,29592,150,45.6,1.4,9995
2017,8438,150,60.1,1.0,7495
2017,19942,125,57.6,1.7,15295
2019,5812,150,34.9,1.6,17995
2016,29293,30,61.7,1.7,12495
2017,28847,240,42.8,2.2,21499
2019,7015,150,46.3,1.2,10699
2018,8557,145,44.8,1.6,15190
2017,7497,145,57.6,1.7,15790
2016,51446,325,33.6,2.5,14300
2016,59335,125,56.5,1.7,9500
2019,8607,145,60.1,1.0,8645
2019,12328,145,36.2,1.6,18595
2019,15487,145,36.2,1.6,18395
2019,10736,145,34.9,1.6,16495
2018,32449,145,47.9,1.2,9795
2019,6549,145,34.9,1.6,20995
2018,9888,145,55.4,1.2,8645
2017,17677,150,57.7,1.2,7499
2019,10876,150,46.3,1.2,11149
2019,4899,145,35.8,1.6,25499
2019,20430,150,35.8,1.6,22499
2018,8225,150,44.8,1.6,14949
2017,17736,150,43.5,1.6,10399
2018,13554,150,36.2,1.6,17999
2019,3774,150,34.9,1.6,17449
2018,3796,150,57.6,1.2,10399
2019,15575,145,44.1,1.0,13591
2019,7603,135,78.5,1.6,19538
2016,10200,200,46.3,2.2,17390
2018,7057,145,57.7,1.2,8591
2018,11580,145,44.8,1.6,12790
2017,22880,145,50.4,1.4,9499
2019,3609,145,46.3,1.2,11499
2018,8676,145,45.6,1.0,12549
2019,3500,145,47.1,1.6,22591
2019,5117,145,39.2,2.2,33791
2019,8300,135,78.5,1.6,18695
2017,7955,135,78.5,1.6,17749
2019,1026,145,37.7,1.6,21495
2017,28500,150,60.1,1.0,7249
2020,6000,150,60.1,1.6,17999
2020,6000,150,36.2,1.6,24749
2020,6000,150,34.0,2.0,25999
2020,6000,150,52.3,1.2,13949
2020,6000,150,46.3,1.2,13749
2019,15997,150,31.7,2.5,18499
2019,8483,145,60.1,1.0,8549
2019,8084,145,60.1,1.0,8549
2018,10761,145,44.1,1.0,13649
2019,16673,145,60.1,1.6,14999
2018,15450,150,35.3,1.6,14999
2019,16605,150,47.9,1.2,10349
2019,9767,140,78.5,1.6,21999
2019,8021,135,78.5,1.6,18695
2019,8245,135,78.5,1.6,18695
2018,17452,145,47.1,2.2,20749
2018,9056,145,61.7,1.7,15549
2019,10384,145,44.1,1.0,13849
2017,23700,135,78.5,1.6,15999
2017,24163,125,57.6,1.7,16729
2017,17772,150,55.4,1.2,7749
2020,6000,150,39.2,2.2,36999
2018,7390,145,34.9,1.6,15992
2019,7077,145,47.9,1.2,10495
2019,13312,150,31.7,2.5,18499
2018,8361,145,44.1,1.0,13799
2019,19450,145,48.7,1.6,17749
2018,23607,145,62.8,1.0,10499
2017,26385,235,42.8,2.2,21849
2017,36303,30,61.4,1.7,14799
2017,18777,145,61.7,1.7,14749
2018,12653,145,57.7,1.2,7849
2020,6000,150,44.1,1.0,15499
2019,10,145,47.9,1.6,26995
2019,10,145,37.7,1.6,22995
2018,8392,145,47.9,1.2,9495
2019,8205,150,47.9,1.2,9995
2019,9950,135,78.5,1.6,19981
2019,17378,135,78.5,1.6,18695
2019,17212,135,78.5,1.6,18695
2019,2760,135,78.5,1.6,18695
2019,9562,135,78.5,1.6,18695
2017,29572,125,58.9,2.0,13949
2017,28836,0,78.5,1.6,14999
2019,8732,135,62.8,1.6,19999
2019,6982,145,39.2,2.2,33949
2020,6000,150,47.9,1.0,13999
2020,8000,150,50.4,1.6,28499
2018,12098,150,57.7,1.0,10349
2018,20455,150,44.8,1.6,14499
2014,27410,165,51.4,2.0,10499
2018,13164,150,57.7,1.0,10349
2017,46443,145,45.6,1.4,8493
2019,4371,145,47.1,1.6,21452
2017,17391,135,78.5,1.6,14403
2018,8681,145,44.8,1.6,14938
2018,31792,145,39.8,1.6,16672
2016,10500,30,57.6,1.2,7997
2016,13695,0,78.5,1.6,13685
2018,27410,145,47.1,2.2,18495
2019,10610,145,36.2,1.6,18395
2019,13240,145,44.1,1.0,14995
2019,130,145,42.8,2.2,31995
2019,10,145,37.7,1.6,22995
2019,7330,145,34.9,1.6,17695
2019,21750,145,34.0,1.6,18695
2019,10,145,37.7,1.6,19995
2019,1430,150,34.9,1.6,16995
2016,28290,145,48.7,1.4,7995
2017,35160,30,61.7,1.7,12995
2019,12273,145,44.1,1.0,13599
2017,8154,145,47.9,1.2,9624
2014,33080,160,51.4,1.6,7924
2018,8300,150,39.8,1.6,17750
2018,33887,145,31.7,2.5,16299
2019,6697,150,39.2,2.2,33999
2019,6380,145,44.1,1.0,15695
2019,12560,145,44.1,1.0,14995
2019,10200,135,78.5,1.6,21995
2019,350,145,42.2,1.4,19495
2019,350,145,46.3,1.4,20495
2019,90,145,34.9,1.6,23695
2017,16739,20,60.1,1.0,6795
2017,21431,145,58.9,2.0,16995
2016,34826,30,58.9,1.2,7300
2018,67250,150,34.9,1.6,16490
2016,19201,240,42.8,2.2,20681
2018,8702,150,60.1,1.0,8491
2016,24377,30,55.4,1.2,7691
2014,29064,165,51.4,1.6,9691
2019,15439,135,62.8,1.6,19899
2019,10000,145,39.2,2.2,32149
2017,24662,145,61.4,1.7,15849
2019,25,145,37.7,1.6,19995
2019,25,145,34.9,1.6,17995
2017,34750,145,61.7,1.7,12495
2014,22998,30,57.6,1.2,6000
2019,12211,145,44.1,1.0,14969
2018,7957,145,47.9,1.2,9495
2019,6082,145,47.9,1.2,10495
2017,24108,145,57.7,1.2,7656
2017,16030,145,56.5,1.0,10995
2018,10300,145,48.7,1.6,18295
2018,816,150,49.6,1.0,12750
2012,28446,200,41.5,1.6,7499
2012,50800,20,61.4,1.2,2995
2013,46000,20,61.4,1.2,3750
2013,51400,145,53.3,1.7,7996
2015,101500,20,67.3,1.7,5500
2010,65555,30,57.6,1.2,2500
2014,30750,30,57.6,1.2,4995
2013,88000,0,76.3,1.6,4495
2014,38751,20,60.1,1.0,5495
2019,3750,145,37.7,1.6,20995
2017,9320,145,43.5,1.6,10295
2018,8110,135,78.5,1.6,16495
2019,7596,150,36.2,1.6,18695
2017,6650,150,60.1,1.0,7795
2019,30,145,37.7,1.6,19995
2020,400,140,62.8,1.6,20950
2010,85640,30,56.5,1.2,1990
2010,44670,150,46.3,1.4,3495
2015,22000,20,67.3,1.7,8495
2010,35000,125,54.3,1.2,3695
2014,47000,20,60.1,1.0,4495
2008,83000,300,39.8,2.0,2950
2009,94000,160,46.3,1.4,2000
2014,22614,30,57.6,1.2,5499
2014,36189,150,53.3,1.7,8999
2017,16030,30,61.7,1.7,13995
2019,90,145,34.9,1.6,18995
2019,30,145,40.9,2.2,32995
2019,30,145,34.0,2.0,23995
2019,30,145,40.9,2.2,32995
2019,13060,145,34.9,1.6,15995
2019,14880,145,44.1,1.0,14995
2019,4270,145,34.9,1.6,16195
2011,92000,20,61.4,1.2,1999
2017,45579,30,61.7,1.7,12490
2016,61034,20,72.4,1.6,7750
2017,28965,145,57.7,1.2,6650
2015,19705,125,50.4,1.4,7000
2018,8265,145,52.3,1.4,14000
2018,11629,145,55.4,1.2,10000
2019,18432,145,34.9,1.6,14600
2018,13727,135,78.5,1.6,15000
2015,62106,125,60.1,1.7,8750
2017,23805,145,44.8,1.6,13600
2018,13439,145,52.3,1.0,13300
2018,37079,145,44.8,0.0,13000
2016,17272,20,61.4,0.0,6300
2016,12938,20,61.4,1.0,7000
2013,28520,20,61.4,0.0,5000
2017,35460,150,47.9,1.2,92000
2019,5000,145,46.3,1.2,10795
2017,10128,30,61.7,1.7,13795
2016,21972,200,47.1,2.2,17450
2014,50993,150,53.3,2.2,7995
2018,13365,145,60.1,1.0,7658
2017,11000,30,57.7,1.2,8295
2016,39016,160,43.5,1.6,8990
2017,39621,145,51.4,1.4,9995
2013,44538,160,50.4,1.6,7990
2014,50603,20,60.1,1.0,4995
2016,28000,30,61.7,1.7,11490
2014,55000,200,46.3,2.2,14500
2016,20000,0,78.4,1.6,8650
2017,17000,150,44.8,1.6,12395
2015,27584,0,78.4,1.6,8495
2016,17000,0,78.4,1.6,8900
2016,30000,0,78.4,1.6,8250
2015,57000,30,61.7,1.7,11950
2018,8878,145,60.1,1.0,8095
2018,9458,145,60.1,1.0,7500
2015,7900,30,61.7,1.7,13000
2017,27191,20,60.1,1.0,7000
2015,22992,0,78.4,1.6,8495
2017,11058,160,43.5,1.6,9995
2016,10682,125,57.6,1.7,15199
2014,37095,145,53.3,1.7,9139
2015,24128,260,41.5,2.0,12500
2017,29018,30,55.4,1.2,7775
2016,38594,0,78.4,1.6,11275
2016,28323,30,61.7,1.7,11995
2016,52039,30,61.7,1.7,11799
2018,9755,145,44.8,1.6,15249
2015,75000,200,46.3,2.0,12490
2016,42000,30,61.7,1.7,11990
2018,19000,145,34.9,1.6,13990
2015,39000,145,54.3,1.7,8490
2016,80000,30,61.7,1.7,9990
2019,3821,145,60.1,1.0,8600
2016,52455,30,61.7,0.0,11500
2015,41000,0,78.4,1.6,6500
2016,26834,0,78.4,1.6,9300
2017,41469,145,33.6,2.5,13500
2018,31312,145,31.7,0.0,15500
2015,25559,30,57.6,1.2,6200
2015,47660,20,60.1,0.0,5300
2019,4419,145,60.1,0.0,9400
2018,28526,135,78.5,1.6,14500
2019,5650,145,60.1,1.0,8491
2018,13951,145,46.3,1.2,9488
2016,27517,30,61.7,1.7,12799
2015,25705,20,60.1,1.0,6000
2015,12939,200,41.5,1.6,8375
2015,38973,125,58.9,2.0,11999
2017,9273,145,60.1,1.0,7585
2016,23656,235,42.8,2.2,17733
2018,33195,145,65.7,1.7,14682
2015,39233,0,78.4,1.6,7275
2015,62143,200,47.1,1.7,7952
2013,33145,20,61.4,1.2,4589
2014,38703,0,76.3,1.6,7174
2010,41000,30,57.6,1.2,3695
2000,47000,150,38.7,1.3,1295
2015,26846,125,51.4,1.4,7433
2005,130000,325,32.8,2.9,2895
2007,57000,125,51.4,1.1,1995
2011,38000,200,43.6,1.6,6995
2003,59000,260,37.2,1.3,2395
2015,43000,205,43.6,1.6,7495
2014,43911,30,57.6,1.2,5950
2019,3844,145,31.7,2.5,17750
2019,831,135,78.5,1.6,16995
2018,3048,145,60.1,1.0,7099
2017,29804,30,58.9,1.2,7599
2015,29786,20,72.4,1.6,7646
2018,32289,145,60.1,1.7,12499
2017,44812,300,37.7,2.5,12819
2018,33811,145,74.3,1.6,9525
2018,12233,145,57.7,1.0,8921
2015,38760,145,53.3,1.7,9199
2017,22759,30,61.7,1.7,11290
2017,26315,145,60.1,1.0,6290
2017,26908,20,60.1,1.0,6490
2014,56078,200,47.1,1.7,8921
2012,64000,20,61.4,1.2,3250
2009,27152,150,47.9,1.2,4490
2018,9648,145,39.2,2.2,29500
2018,10200,145,52.3,1.0,12890
2016,30022,30,61.7,1.7,12150
2017,8169,150,39.8,1.6,17390
2016,28601,20,61.4,1.0,5490
2017,16035,145,55.4,1.2,7499
2018,30459,145,31.7,2.5,15999
2017,16755,20,60.1,1.0,6836
2013,48666,200,43.6,1.6,7234
2016,36469,30,61.7,1.7,11678
2016,33794,30,57.6,1.2,6764
2016,26844,20,72.4,1.6,9855
2016,48975,0,78.4,1.6,7299
2016,43778,20,60.1,1.0,5500
2016,17841,30,61.7,1.7,11699
2017,37069,145,74.3,1.6,9499
2012,64008,30,64.2,1.6,5995
2018,3297,135,78.5,1.6,16990
2016,21611,30,57.6,1.2,6490
2014,27082,200,43.6,1.6,7250
2017,38982,145,74.3,1.6,9517
2018,8085,145,44.1,1.0,12343
2018,20896,145,37.7,2.5,15701
2018,39893,145,51.4,1.4,10399
2019,13797,145,36.2,1.6,16999
2017,33860,145,74.3,1.6,9499
2017,34817,145,74.3,1.6,9499
2014,51344,260,41.5,2.2,14799
2016,108000,125,58.9,2.0,10991
2017,19049,200,47.1,2.2,18990
2017,14752,145,44.8,1.6,14270
2017,34794,30,61.7,1.7,11650
2017,40282,150,74.3,1.6,9995
2017,24496,145,65.7,1.0,8290
2018,6145,145,60.1,1.0,7499
2018,27177,145,52.3,1.0,12249
2017,4076,145,43.5,1.6,11199
2017,13007,145,44.8,1.6,13999
2013,76698,30,62.8,1.7,5495
2018,11254,150,46.3,1.2,9995
2017,4566,30,61.7,1.7,14500
2017,25089,145,61.7,1.7,13499
2016,42707,0,78.5,1.6,13999
2014,72506,30,57.6,1.2,4495
2016,108000,125,58.9,2.0,10991
2015,124000,0,78.4,1.6,4492
2015,124000,0,78.4,1.6,4492
2016,100000,30,65.7,1.7,7393
2011,94138,20,61.4,1.2,2488
2012,82833,200,41.5,1.6,5588
2018,11841,145,60.1,1.0,7497
2019,2499,145,44.1,1.0,14497
2013,55894,30,57.6,1.2,4783
2019,10926,145,46.3,1.2,9699
2019,9841,145,34.9,1.6,15499
2012,64992,205,41.5,1.6,5790
2015,61599,30,65.7,1.7,7640
2017,27287,145,47.1,2.2,16989
2018,20000,150,46.3,1.6,19970
2017,36000,30,61.4,1.7,14470
2011,23000,120,50.4,1.4,4750
2010,62000,30,56.5,1.2,2950
2015,36000,145,47.1,1.4,6950
2017,33803,145,60.1,1.0,5724
2016,73635,20,72.4,1.6,7999
2017,43233,145,57.7,1.2,6000
2018,34153,145,54.3,1.0,10375
2016,21686,125,50.4,1.4,9000
2019,2642,145,44.1,1.0,14245
2018,6816,145,44.8,1.6,12825
2017,13673,145,44.8,1.6,11698
2012,52548,150,47.1,1.4,4980
2010,60000,125,54.3,1.2,3995
2017,14000,30,61.7,1.7,15995
2016,32481,30,61.7,1.7,12499
2016,42597,200,47.1,2.0,13499
2013,55736,200,48.7,2.0,7999
2016,31828,125,57.6,1.7,13399
2018,16346,145,61.7,1.7,13799
2013,47246,145,47.1,1.4,6000
2017,10726,150,61.7,1.7,13000
2018,40735,135,78.5,1.6,14200
2017,7809,160,43.5,1.6,9399
2019,21457,145,31.7,2.5,16199
2016,69894,30,61.7,1.7,11199
2013,55998,200,46.3,2.2,10149
2017,20664,145,47.9,1.2,7999
2016,29448,260,41.5,2.2,16499
2013,30536,145,47.1,1.4,6999
2014,45495,30,57.6,1.2,5499
2017,30490,145,60.1,1.0,6500
2018,31217,145,60.1,1.0,6699
2017,16807,145,60.1,1.0,7225
2017,58250,145,60.1,1.0,6150
2015,42250,160,44.1,1.6,7950
2018,33387,150,31.7,2.5,15800
2016,23764,240,42.8,2.2,18500
2017,23659,135,78.5,1.6,16599
2014,33013,30,57.6,1.2,5770
2017,8613,145,65.7,1.7,13751
2018,3978,145,34.9,1.6,15495
2013,49252,0,74.3,1.1,4670
2017,12845,145,44.8,1.6,12249
2017,20462,145,61.7,1.7,13699
2015,56577,30,65.7,1.7,7357
2016,18006,30,61.7,1.7,11349
2019,10668,145,46.3,1.2,10699
2017,34258,145,74.3,1.6,9499
2019,9000,145,45.6,1.0,9950
2016,42850,30,61.7,1.7,11499
2013,65900,150,48.7,1.7,7990
2014,63100,30,57.6,1.2,4990
2017,26671,145,44.8,1.6,12991
2011,130000,265,41.5,2.2,5395
2017,39628,145,58.9,1.2,7459
2018,33616,145,51.4,1.4,10399
2015,46761,20,72.4,1.6,8975
2016,28793,30,61.7,1.7,12789
2018,30727,145,31.7,2.5,15489
2018,37620,150,37.7,2.5,14000
2018,28050,150,58.9,1.2,8000
2018,11518,150,60.1,1.0,7991
2016,19947,30,55.4,1.2,6990
2014,63458,30,62.8,1.7,6895
2016,18000,150,47.9,1.2,8495
2015,56000,20,60.1,1.0,4999
2018,37530,145,37.7,2.5,14795
2017,29694,145,57.7,1.2,6988
2009,105863,200,45.6,1.6,2699
2008,67000,125,51.4,1.1,1695
2013,90000,300,39.2,2.0,7995
2017,3000,145,60.1,1.0,6995
2012,24000,20,61.4,1.2,4295
2018,55190,140,78.5,1.6,13295
2015,43450,265,41.5,2.2,14000
2010,64081,30,57.6,1.2,3491
2014,107419,0,76.3,1.6,4291
2012,67365,20,61.4,1.2,3491
2017,9748,30,57.7,1.2,8499
2013,37438,160,51.4,1.6,7199
2017,22000,145,46.3,2.0,14500
2017,18543,140,42.8,2.2,19500
2012,45566,145,45.6,1.4,5790
2015,54000,30,65.7,1.7,6990
2014,50000,145,53.3,1.7,8275
2016,34690,30,58.9,1.2,7849
2017,34959,145,74.3,1.6,9499
2013,45016,145,45.6,1.4,5800
2017,37710,145,74.3,1.6,9499
2017,35155,145,74.3,1.6,9499
2015,45163,145,53.3,1.7,8795
2011,75617,145,48.7,1.7,5490
2014,90000,145,53.3,1.7,7475
2007,90631,300,35.3,2.0,2495
2010,99000,30,62.8,1.6,2495
2009,116000,30,60.1,1.6,2250
2010,78100,125,54.3,1.2,1995
2010,49000,145,50.4,1.4,3795
2016,32361,0,78.4,1.6,8495
2011,78000,20,61.4,1.2,2495
2016,53000,330,33.6,2.5,11995
2008,138000,125,57.6,1.6,1395
2016,48655,0,78.4,1.6,8199
2011,79000,205,41.5,1.6,5475
2011,60000,145,48.7,1.7,6975
2016,38572,20,67.3,1.7,8850
2010,72570,260,41.5,2.2,6495
2013,37000,300,39.2,2.0,9995
2017,32992,145,74.3,1.6,9499
2017,35138,145,74.3,1.6,9499
2018,14495,145,57.6,1.7,19490
2010,80000,160,46.3,1.4,3495
2014,12287,30,57.6,1.2,6275
2018,30038,145,31.7,2.5,15999
2017,13298,145,44.8,1.6,13599
2015,28040,145,53.3,1.7,9099
2016,21359,30,57.6,1.2,5799
2017,44013,235,43.5,2.0,16995
2018,12933,145,57.7,1.0,8825
2016,32184,125,57.6,1.7,12500
2019,6243,145,46.3,1.2,9699
2017,31546,145,74.3,1.6,10099
2016,51849,235,42.2,2.2,15899
2016,52265,200,47.1,2.2,15299
2017,12515,145,52.3,1.0,14025
2017,8418,145,44.8,1.6,14099
2014,42579,145,47.1,1.4,6504
2012,22089,20,61.4,1.2,3995
2012,65000,20,67.3,1.6,3495
2016,26000,30,61.7,1.7,11995
2013,83898,30,65.7,1.7,5995
2017,32000,30,61.7,1.7,13950
2017,9000,30,58.9,1.2,8695
2014,44016,145,53.3,1.7,8499
2014,6790,160,45.6,1.2,7999
2016,28000,30,61.7,1.7,12495
2016,32000,160,44.8,1.6,11295
2010,14360,30,56.5,1.2,3299
2010,60179,150,50.4,1.4,3499
2013,22000,20,61.4,1.2,4595
2014,13000,20,61.4,1.2,4795
2015,54412,0,78.4,1.6,6799
2015,32745,20,67.3,1.6,8799
2016,10618,30,55.4,1.2,8399
2017,26800,145,47.1,2.2,18579
2015,17673,0,78.4,1.6,7999
2017,29840,145,74.3,1.6,10749
2016,50193,30,61.7,1.7,12289
2017,2515,145,55.4,1.2,7890
2013,31946,20,61.4,1.2,4390
2013,58000,0,76.3,1.6,5499
2013,25892,145,48.7,1.7,8799
2013,43204,20,61.4,1.2,3499
2016,16923,20,62.8,1.0,8979
2016,59271,30,61.7,1.7,11799
2016,15758,125,57.6,1.7,13999
2012,32000,30,64.2,1.6,5750
2013,26289,200,43.6,1.6,7250
2014,20303,30,57.6,1.2,5750
2003,78000,325,32.8,2.9,3290
2017,28000,30,61.7,1.7,13400
2011,42000,205,47.9,2.0,6975
2017,21000,30,61.7,1.7,13750
2018,9578,145,52.3,1.4,13975
2016,7600,30,57.6,1.2,8250
2015,7000,160,44.1,1.6,9950
2017,19744,30,61.7,1.7,13250
2011,74250,165,49.6,2.0,6200
2017,40195,30,61.7,1.7,11750
2009,70151,125,54.3,1.2,2500
2009,67887,30,56.5,1.1,2799
2011,56902,20,61.4,1.2,3599
2010,57476,30,64.2,1.4,3799
2007,51279,200,40.9,1.6,3299
2010,42125,30,56.5,1.2,3490
2013,42709,20,61.4,1.2,4995
2015,41823,30,55.4,1.2,6498
2018,30012,145,55.4,0.0,7698
2013,35600,20,61.4,1.2,4695
2013,35700,20,61.4,1.2,4795
2016,3000,160,43.5,1.6,9995
2016,22764,240,43.5,2.0,16980
2013,61000,0,76.3,1.6,4990
2018,10000,150,45.6,1.4,10990
2017,25053,145,38.7,1.6,15390
2018,38090,145,37.7,2.5,14000
2007,81400,125,51.4,1.1,2195
2012,58205,20,61.4,1.2,3695
2014,53910,20,61.4,1.2,4495
2015,39000,30,61.7,1.7,9750
2016,38340,240,43.5,2.0,16250
2015,49679,30,61.7,1.7,10500
2018,9443,145,34.9,1.6,15495
2017,51626,145,47.9,2.0,13690
2015,47049,160,51.4,2.0,9398
2017,46185,20,60.1,1.0,6298
2018,11248,145,60.1,1.0,6999
2018,9426,145,60.1,1.0,7499
2018,31072,145,60.1,1.0,6499
2018,15500,150,44.8,1.6,14999
2016,2900,135,47.9,1.2,9350
2015,8500,200,43.6,1.6,9250
2018,1480,150,60.1,1.0,7995
2007,53000,160,46.3,1.1,1750
2013,68000,30,57.6,1.2,4250
2010,41000,30,56.5,1.2,3795
2017,27000,145,57.7,1.2,6795
2016,49000,125,57.6,1.7,12995
2015,54991,265,41.5,2.2,15650
2010,58000,30,56.5,1.2,2995
2016,25000,125,57.6,1.7,13995
2015,18274,20,60.1,1.0,5295
2014,48130,0,76.3,1.6,6290
2014,47040,20,60.1,1.0,4791
2012,29650,205,41.5,1.6,6991
2009,59000,140,47.9,1.2,4495
2016,55000,235,42.8,2.2,17490
2016,38717,125,58.9,2.0,14690
2015,41000,30,65.7,1.7,8999
2019,3000,135,78.5,1.6,17999
2017,23000,0,78.5,1.6,14999
2017,19367,145,51.4,1.4,12250
2014,26726,20,60.1,1.0,5500
2014,29000,30,57.6,1.2,5695
2014,18000,145,47.1,1.4,6995
2013,27000,20,61.4,1.2,4295
2014,42000,125,50.4,1.4,5945
2015,24000,20,68.9,1.4,7495
2017,7000,145,61.4,1.7,15490
2011,22000,125,50.4,1.4,5490
2015,54000,260,42.2,2.2,14990
2016,37899,30,55.4,1.2,6398
2015,37000,30,55.4,1.2,6900
2017,33851,145,57.7,1.2,6550
2015,37000,0,78.4,1.6,6699
2017,24963,150,61.4,1.7,14966
2015,25350,20,67.3,1.7,9495
2017,21743,145,65.7,1.7,11495
2015,18078,20,67.3,1.6,8995
2016,31362,20,72.4,1.6,8395
2017,27000,30,65.7,1.7,11999
2016,45668,30,61.7,1.7,10800
2016,37444,205,46.3,2.2,15400
2017,23167,150,61.7,1.7,13200
2016,8790,20,61.4,1.0,6800
2017,19937,150,61.7,1.7,13400
2018,25637,150,35.3,1.6,13700
2017,24968,150,61.7,1.7,13100
2017,28366,150,47.1,2.2,17400
2017,26182,150,61.4,1.7,14900
2017,30806,30,61.7,1.7,12800
2016,38334,165,44.8,1.6,11500
2016,23916,20,62.8,1.0,8250
2009,55000,30,56.5,1.2,1995
2017,22431,135,78.5,1.6,13600
2016,71022,30,61.7,1.7,11200
2017,12921,145,57.6,1.7,14900
2017,30906,145,61.4,1.7,14300
2017,32027,150,61.7,1.7,12900
2014,26883,20,60.1,1.0,5300
2010,62000,200,47.9,2.0,5995
2015,15000,160,45.6,1.2,7695
2012,39000,30,57.6,1.2,4995
2009,93890,300,39.8,2.0,3885
2013,64672,205,47.1,1.7,7485
2017,13800,145,57.6,1.7,15495
2011,68000,20,61.4,1.2,3295
2019,6000,145,47.9,1.2,10995
2018,6000,145,36.2,1.6,21995
2017,117000,0,78.5,1.6,11990
2013,75000,20,61.4,1.2,2990
2014,52000,20,60.1,1.0,3990
2009,95000,305,38.7,2.2,4495
2017,23921,145,58.9,1.2,7900
2017,31164,145,61.7,1.7,13100
2017,39606,200,47.1,2.2,14900
2018,14160,145,44.8,1.6,12300
2017,53402,145,61.7,1.7,11900
2018,12304,145,74.3,1.6,10600
2018,16583,135,78.5,1.6,15600
2017,54698,140,78.5,1.6,12800
2017,22500,30,57.6,1.2,7995
2017,13794,150,44.8,1.6,14000
2015,49464,30,61.7,1.7,11000
2018,40050,150,60.1,1.0,7500
2018,60438,140,78.5,1.6,12000
2017,30131,150,47.1,2.2,17500
2017,33887,125,57.6,1.7,14100
2016,20505,30,61.7,1.7,13500
2016,36092,160,44.8,1.6,10775
2009,84000,30,56.5,1.2,1695
2008,94000,30,56.5,1.2,1495
2010,16500,190,48.7,2.0,9495
2016,8000,125,57.6,1.7,15995
2018,21116,145,49.6,1.0,11800
2017,15131,30,61.7,1.7,13500
2017,19098,30,61.7,1.7,13700
2017,20745,145,47.9,1.2,8100
2017,69786,30,61.7,1.7,11100
2017,43459,145,61.7,1.7,11800
2018,5251,145,44.8,1.6,14675
2018,30685,145,60.1,1.0,6845
2016,27992,160,44.8,1.6,10280
2018,30360,145,60.1,1.0,6865
2018,31400,145,39.8,1.6,16445
2015,23968,0,78.4,1.6,8990
2017,2000,145,48.7,1.4,10995
2016,11000,145,47.9,1.2,9995
2010,82000,160,46.3,1.4,2895
2010,72000,260,41.5,2.2,6995
2016,21944,0,78.4,1.6,9490
2011,32148,205,48.7,2.0,7990
2002,94000,325,30.4,2.4,1200
2016,32005,30,57.6,1.2,6850
2016,32000,30,57.6,1.2,6490
2003,51000,260,37.2,1.6,1990
2016,21117,200,41.5,1.6,10000
2014,227,160,45.6,1.2,9000
2016,22600,160,43.5,1.6,8800
2015,16998,150,48.7,1.4,9000
2016,18634,125,57.6,1.7,13789
2010,62000,120,50.4,1.4,4495
2011,59220,160,49.6,1.6,4395
2009,83677,30,56.5,1.2,2495
2012,68132,200,47.1,1.7,7495
2009,125968,160,46.3,1.4,2495
2017,1650,150,60.1,1.0,6299
2017,18796,150,61.7,1.7,11600
2012,61300,150,47.1,1.4,5495
2019,3054,145,46.3,1.2,10889
2014,66200,205,47.1,1.7,7995
2013,66300,150,55.4,1.7,6495
2013,97500,30,57.6,1.2,2995
2016,88000,20,68.9,1.4,5490
2018,34886,145,28.0,2.5,14800
2018,38500,145,39.8,1.6,15500
2017,21156,145,43.5,1.6,9650
2016,18252,125,57.6,1.7,13999
2018,25814,145,39.8,1.6,16990
2017,12455,150,47.9,1.2,10999
2016,15942,165,43.5,1.6,9499
2017,10843,150,43.5,1.6,10999
2019,10169,150,36.2,1.6,17499
2019,11229,150,34.9,1.6,14999
2017,19052,145,61.7,1.7,12329
2017,31406,145,43.5,1.6,8995
2017,27779,0,78.5,1.6,12495
2017,24866,145,44.8,1.6,13995
2018,14007,145,44.8,1.6,14995
2018,30007,150,57.7,1.0,9995
2017,42570,145,42.8,2.2,17600
2018,56118,135,78.5,1.6,14600
2016,20960,235,42.8,2.2,16999
2019,3001,145,60.1,1.0,7899
2019,3011,145,46.3,1.2,11799
2018,35607,145,28.0,2.5,15990
2019,1928,145,60.1,1.0,7999
2015,91700,265,41.5,2.2,11500
2017,23870,325,33.6,2.5,14000
2016,18290,200,46.3,2.0,15200
2018,33138,150,28.0,2.5,14800
2013,28000,300,39.2,2.0,10488
2013,42000,20,61.4,1.2,3995
2006,71000,555,28.8,2.4,3490
2016,64074,20,62.8,1.0,7995
2015,12000,200,43.6,1.6,8495
2017,17443,160,44.8,1.6,13495
2018,29000,145,44.8,1.6,13995
2017,25915,145,39.8,1.6,16995
2018,11611,145,44.8,1.6,14495
2012,74768,205,42.8,1.6,5495
2015,1666,20,60.1,1.0,6999
2018,22115,150,44.8,1.6,14788
2018,8462,145,35.8,1.6,21999
2018,9398,145,35.8,1.6,21839
2019,5082,135,78.5,1.6,18981
2018,3022,145,44.8,1.6,15491
2018,35050,145,33.6,2.5,14990
2016,41577,30,58.9,1.2,6995
2007,90800,125,51.4,1.1,1295
2014,28000,20,60.1,1.0,5195
2010,64000,115,54.3,1.2,3095
2016,2000,160,44.1,1.4,9995
2011,62000,205,43.5,1.6,4195
2015,29000,205,43.6,1.6,7785
2016,12700,150,47.9,1.2,8999
2015,33791,20,67.3,1.6,8699
2016,17809,30,65.7,1.7,11600
2018,36359,145,28.0,2.5,15899
2016,29099,125,50.4,1.4,8199
2018,10431,145,57.6,1.2,9869
2017,24602,150,61.7,1.7,13998
2018,9209,145,57.6,1.2,8200
2017,12417,125,50.4,1.4,8940
2017,6919,20,60.1,1.0,6890
2015,40184,145,48.7,1.4,7498
2018,27452,135,78.5,1.6,16298
2015,34093,20,72.4,1.6,8998
2018,19054,135,78.5,1.6,15998
2018,13820,145,52.3,1.0,13995
2018,14642,145,60.1,1.0,7495
2015,29660,160,44.8,1.6,10795
2017,18436,135,78.5,1.6,15995
2018,7986,145,57.7,1.2,8300
2017,17095,145,60.1,1.0,6795
2019,3920,145,39.2,2.2,32995
2017,19375,20,60.1,1.0,6200
2017,12607,145,60.1,1.0,6500
2019,1075,145,60.1,1.0,8995
2015,36312,145,48.7,1.4,7798
2017,5480,145,60.1,1.0,7698
2019,4054,145,31.7,2.5,20698
2019,2544,145,31.7,2.5,19998
2020,5213,135,1.1,1.6,28995
2019,4500,135,78.5,1.6,18995
2019,2219,145,34.0,2.0,25995
2019,1150,145,60.1,1.0,8995
2018,16709,145,60.1,1.0,7200
2019,17131,145,34.9,1.6,15498
2013,64149,145,47.1,1.4,5498
2015,27706,0,78.4,1.6,7998
2015,47284,30,61.7,1.7,10998
2016,22665,160,44.8,1.6,10998
2018,26283,145,31.7,2.5,17495
2019,498,145,34.0,2.0,23340
2019,6918,145,39.2,2.2,35995
2020,3358,135,62.8,1.6,22995
2019,100,145,39.2,2.2,35985
2014,54093,160,50.4,1.7,9985
2017,34498,30,61.7,1.7,13485
2018,17755,145,67.3,1.7,11985
2018,8328,145,57.7,1.7,18498
2016,67372,30,61.7,1.7,10698
2016,32125,160,44.8,1.6,10998
2014,19319,200,43.6,1.6,7495
2018,24500,145,48.7,1.6,17495
2018,10091,145,52.3,1.4,12985
2018,21798,145,60.1,1.7,13985
2018,31123,145,42.8,2.2,20985
2016,47978,0,78.4,1.6,7985
2016,52532,30,61.7,1.7,11485
2016,31485,235,43.5,2.0,16485
2020,100,145,45.6,1.0,15985
2016,31745,20,72.4,1.6,10485
2017,42858,200,47.9,2.0,14985
2017,38192,145,54.3,2.0,14985
2016,51696,30,61.7,1.7,11485
2015,44236,0,78.4,1.6,7185
2017,17393,145,65.7,1.7,11485
2017,14027,145,72.4,1.6,10985
2019,5223,145,57.6,1.2,9985
2019,11703,145,46.3,1.2,9485
2019,13879,145,46.3,1.2,10485
2018,20796,145,45.6,1.4,9985
2018,30308,145,51.4,1.4,12985
2018,16494,145,60.1,1.0,7200
2018,13457,145,60.1,1.0,7500
2018,17879,145,60.1,1.0,7200
2018,8851,145,60.1,1.0,7995
2018,14788,150,60.1,1.0,7200
2016,35000,30,61.7,1.7,12495
2019,1567,145,39.8,2.2,29995
2016,25906,0,78.4,1.6,8680
2015,59508,30,65.7,1.7,7830
2017,13810,20,60.1,1.0,6830
2018,23313,145,44.8,1.6,13994
2016,11472,125,57.6,1.7,15999
